?Nothing is impossible. The word itself says ?I?m possible!'?;Audrey Hepburn;https://c.wallhere.com/photos/e8/40/lego_legography_starwars_snowtrooper_snow_stormtrooper-928555.jpg!d
?There is nothing impossible to they who will try.?;Alexander the Great;https://c4.wallpaperflare.com/wallpaper/915/468/47/watching-the-sunset-wallpaper-preview.jpg
?The bad news is time flies. The good news is you?re the pilot.?;Michael Altshuler;https://images8.alphacoders.com/459/thumbbig-459797.webp
?Life has got all those twists and turns. You?ve got to hold on tight and off you go.?;Nicole Kidman;"data:image/jpeg;base64,/9j/4AAQSkZJRgABAQAAAQABAAD/2wCEAAkGBxAQDxAQEA8VFQ8VEBUVDxUVFRAVDxUQFRcWFhYVFxUYHSggGBolGxUVITEhJSkrLi4uGB8zODMsNygtLisBCgoKDg0OGhAQFysdHR0tLS8tKy0tLS0tLS0tKy0tLS0tLS0tLS0tLS0tLS0tLS0tLS0tLS0uLS0rLSstLS0tLf/AABEIAK4BIgMBIgACEQEDEQH/xAAbAAACAwEBAQAAAAAAAAAAAAABAgADBAUGB//EADcQAAIBAgQDBQcDBAMBAQAAAAABAgMRBBIhMQVBUSJhcYGRBhMyobHR8ELB4SNSgvEVM2KSFP/EABoBAQEAAwEBAAAAAAAAAAAAAAABAgQFAwb/xAAnEQEBAAIBBAIBAwUAAAAAAAAAAQIRAwQSITFBYSJRsdEjMnGBwf/aAAwDAQACEQMRAD8A9EEAUbDTFBAhgIgkIAQgCBA2AFAQJCAQeKFRJTyq4AxWJhSg51JJRSu2fPeN+2WInJxoLJT/ALtPeNde41+1vGFUagpf04722lL+Dy6xFLNa130SbZpc3Nd6xb3BwzW8lCnVqyzSztvdtyb+bL1hZaXfy5eZ0KFCUlpGy79H6bmynh3Fbt+Rq3JtzFxo9iTSvfr3s6VN3llWyjZ9e9+v1FxFLVPW+5ooUuy2vibyryev1RjWWmvCvKlJ6Ju0e/Lu/D7mim3Ld2vySt9e7kYqlZKp/wCIRUYdM2jb9SyOJvF26IwrKNDVFK7UVb9Tcm/my6nkmrQmrrkraeRgWujV7P8ALmqOAg7NU7PudvMmhtwOMlSlaTvHrzXmejoVcyT6q6PKyw8kvib6X3OzwXEWh7uW8X2b/wBrNvpeSy9t9NPquOWd0dZinJ4txZweWmk5c73tf9y/g+K95B3+JN5u6+xvTlxuXbL5aV4spj3WNxAsDPR5AQIAIKMKFBgCAAEIQCtDIVBAZBAEAhAEIJABAgUQgBIiEQUZuyb/ANnmPaficXSlTjJqd0paNO19Vc7vEK8opZVo99LvTu5nzzjuLc6ss3Xre68uR4c+fbj4e/Bx92Sh5L9pXa2LqeIhHaFvkcz37js2vDREp5pX1b63/k51dbHGOx/yCSva3/yvuCPEc2mV38V+yObGLen3ubcHgZStbRc9vS5GemuEk/C6f3Kp4lrRaau/m/8ARvXD2tBJcNd72/2iLqMcaEp6vnd/M6mGwlld9b+g9Ki0lp/BbCLfIh2s8KdtbXd9O4LxGXeUnry0X3N0aTdtO5lON4bK10vz8RDtCFdPu8Wh6c7S0SbtyZwsaqtFXUW1z3fyRTwnGe8lKMqaUluraNeDe4142xuL0iim+0t+Svc2cJi41dNFJbHMpTt3Lz/Edbh1eKd+vO6v6Hpwf3xr88/Gu3YDGT0FZ2HIAhCBAAQgAAwgYUCEIAgUAKKCgkQUBAgCBAgCREIQBQSPYhJfuRWbGytZvXLr+x839pMR7yq5L+T3fHcXFU5xzL3ll2f1WPneJjJzbei38n0NTqL8Nzpp8stGjl7TNuBinfq+W1jJWl00SLuHJt/TmaVdLB1cNhVfbmeo4ZhkkrpXOPwmnrqteR6KkrWJGeTbGMeiGdCPQrgX0+jKhqXDoa6bli4dG97Giiu80KBGTFSwEE9EaJ4dNWsMWIiuTj+FQqQcWuR80x3D5YTESa+Hprax9emeP9ucFmpqot1o/Df9iJXIp1lKKkn9vXkbcDLtauzvu9Dk4CDUbtaKPTd8jq4eEPduUpKN9k73MuOW3w1+ayTy9ZTskknpbQY43A5ScpWze5SWVy3zc0uqOwdfDLum3HzmroCBAZMQYBgMBQMLAwIQBAECgBRQUEAQGIAIECAgRCEIFFDCoFWooxcnsld2Tb9CDyntVTyVJN6xmou+7i1pbw2PKYqSvo/B9x7D2kxUZ5VGSakr36KPd4njMVRTb0sudzR555dDp/XliqVE3ZamnDycbdWV2S1t4ajR3vY1q3sXoeFVXmTfXTmz1UNos8fwODcszWnI9dRe3yIzrZSvuaqSuZqb3NNCSVtSGm2nHoaE2V0VzNEUIUuXUNug1uQZoUZZo5HtBDNQmu47UkcH2lrZMPVk+lvNuxiry/Cf6sYRvpa/joehwfD4L4o3feeW4BO0Y9U3f1Pa4armS01+Z79Jlj3avtpdZjlrc9NMVpsQiAdRykIQFiolwXIACAIwMioQUhQoUBBQQRkxRkAUECIASEIBCEAAR0INfQivH+02EhSqRlGKs79n916o87Uhmell5nf4th5yrLM7pttX6PkvMx4nCZU+vR9fxmhzS23To8GpJtx3hmtX+eZVUvmjGK3ffsa8RNLnrzf26IrwdF+8T5deprN6PQ4KjlSsb5YrIr2uzNgnyfM3PBuS0+ZWUjn1K2Jn+pU48uvm1sJOrisL282Zc7O/qmYOP8Jryhf3koRzLbT6HO4J7PZ68I1pVPdtrM1UnGSSvm7V7bWtqZ4Y7+XnyZ9vxt7PhftlF2VRWfXl6HqcNxCM0pReh854p7K06FWMsNXlOm/ihOSlJPulbW/edv2cun7u732f2MMpPh6Y715ezWIMeM49RpO0pa87alXGY+6otp65X9D5RWwuIq1UpVZRUpaNJPXNbLZ3b01vsXDC5VjnnMJ5fScb7WUsrcItvlscP2m4p/8Ao4fXcE86lTTXO8pRSt679xxOKcIxnD5U5U8TGvSlJZlkSmk3zR6DidB1MHN5VGTcG7JL4WnyGWGkmW5t53glR7S0lt4y5o9ZSrOMU+X0OTw/2am+05pNWez3ev7nWdFpOEt1pLz5mOfFlj+Wnnjy45/i6ODxOdc3395rMvDMMqdNI1HWw32zbj567rpCAuC5mwQASABijMUKABiAVJjJlYUyItCV3CmBYQW4UyhiAuS4BAEABQeQpGyDl8YppOMu9W8bnC4k88tNnqeh47rTUerXkr2v6tHCrwcJQjJc/wB1p8jU557b/T3051fAQbpKS7Ln2vBW0+puq0EoXS0vp4GylQu9VeLTi139UVUoaSi+WhpOlGXD1NUdvCVtjz8lln3HVwmpWWL0NKlGorNXXMP/AAUNHHTyTQOHS2O2ncFjlQ4Wo62Tt3aHMdJQrJre9/U9Diqlk80jy1fEL32VXG009NXSqKKkuRhrcCjyNUH2YM6NOd11QlLHCo8CjFqT1sNxOinTypeR2ajOTiZ3djPjm848+W647fpjwVXRp6Si7NeSSfg7FHE+xTSXxymvFvn9i2ppUuv7Vf1ZZ7nNJTfL4Tay/K9vz6/mubj+MmX+/wCIvp6JDMCehDajUqEIQqAQhAAwBAwpSEIBRmJcqzEUiIuuFMqTCmFXphKlIZSAtTCImMmEEIAgQEpWVwiS1aXmFjPjKWaD6trySZxuNS0U2v1K/dya9bHoprQ53EcIpxato12vPRM8uTHce/FlqqMFbK77rM+7ZyT9DHJ5asl1s/UXCTUf6NZ5ZRTUZtNrJZ6SS36LTmjNjIuFZX6a3tfl/JpZcfi10sOaWyJxKGtzRw+qU13ewI0mrNHk2MXpMLVtY3PFtI42Gi7XOjh5rbmRnap4hOo4OUU276pXcsvNpHnZcVSqq9KcdbZpR7D9NUvI9nCKew1XhdKrF54eHLYrGVlp8YpuGzvbZJt37rLUsjiJU2lqk9bP6GrCYCFNJRVvqV46mnF93qRVzxd0Yb3kzH79paGqkrJX35+JsdNjvPf6NTreSY8fb+rPj01Zrno/Dc00o6IqxcbxVt0y6jK8V4fM2J45r9xz754p9LAAuE2WshCEABCEADFYwrCgQhAMFwoUZEQUMhUMgCh0xAoKsTHTKkxkwLLjJlaYyAe4v6vIgbANcqnqpeDQ1+v8Albbr+MlZRjxtN5ZT2aS1XxKTTs0rq+unmebx025wuu1ld10admvketr210vK1lv5nluK0XGsrcopz8ZNtmpzeNt3pvNilVNlzOlRtKHetfQ59Whdd6L8BWs8svy5p10sXp8BThKDT/k5nGODe8hL3dWcKnJxnK3psX4CtZNG6nO/iIu9Xb5TXqYylNwnXqRkno252a63TNmDxnEUr060mu6peL9bo+jY3hFLEK1SCf1OPU9gabd4VZx1/8AMvqi10OLq8Nayn/XlqvFuIxd5Yhp9M6dv8Ue89ncLWnRjPEVJOctbOySXK6SE4T7H0qMlKd5yXw5rWXhFJI7tRqI28ep58c/GMYMVRSkktlqwCzndt9/yImdDp8O3D/L53q+Tv5PHwKd2yQ0bXde355irRspvaLnzbv/AI7fniZck+Z7jzwvxfVbAixldBPV4CAhCgEuQDAlwEARUCKEDAgoVDBBGQoyAKCAIUUOhBkA6GQiHQQwUKhkFRcwS6jWI46NEqxVShf9zg4tqdep0vl9Fb7nWxGNVO8UnKdtlayfJts52CwzabfxXv5ml1GU7dR0ekwvdbQeGuk+fwvxW3qYMXhXutJLWL7ujO8qD8pL0ktn+dCqrSUlZ836T5rwZqOg4OE4rlllqdl9+z8zu4XF6rXQ5GO4Vm306dUYKVGvRaV9OV/ha/YbXT6Hhqyujp060TwuD4zbSd1+dTq0uLx5XfqNmo9JUnFI4+LrXdkUyxc5LRWXV/YRI2eDh7/N9NPquomE7cfYoKAE6DkFmr6cufgJiZaW6tJfv8h09GxLXnd7JaeL/PmYX93pP2Xx2GuKgmbzMmG4pAGuBgIBAMjFbAlyCkAwphUiu5LhFykMmUpjIC1SDmK0w3AsTGTKkxosC5MdMpTHTAtQyK4ssiAyDJpK7dkt/AiOTj8XneSL7K3fV/YwzzmE3Xrxcdzy1GPFz99Uvl7K0Vrp27zp4ChJWk23Dm7XnFeH6vqVYWjqdfAxs35HKzztu3Zw45JqGwtFSTV01o101V0n0fcJi+Hq+b9L0kuj5M1VMO4/1If5LVpN2vNRuryt1HjVU46eaunbV6O3Mx+4zl86rmwwi2er69TNjeG6Xe3I6UotNDVnoGbzFXBclE0YHA2Z2JU+4fCwSktBBnxEcuVdxUjRxD/sfgZzqdPNcccTqrvlqEk9CBauezXBR0sNYRPW3cPcxntlfE0JBQoyYGIAgUSAIBGIxmKwAQFyAc4IAoIZDIQZAMMhUG4DIeJWh0A6HQiGiFWRLIlSFxVbJG632XiS3U2slt1FHFMZZe7i9X8T6LoY8LTK4at9eb7zfh6Ntbmhy59126vBx9k0vpR7jdRlbX1MsYX5suhhv/TNaxtR18PVTiZMXCUe1T1SbvDx+KUVe2bxK6VPWybTL7S/u+RjLqrZuBSqRqrTe9mr9pSacsuurslq9ivL+dxViqSl8UdbNZotxnZ76ozVMTOF7SzXTXajdq6SVrPS1lYz8Vj+U+26ENbFcuzVQr4g/jdNWu3aLa0urJXv3+o9GSxFqkG0r6XSvbXo+4dv6L3z58KOI/8AZ5IzpmricFGWrblZLZZbLX9zHE6XBd4Rxupn9S/awiYjYHI9ngdvW/cTMVOQrkSLV2YmYozEUyo0phuUKYykBaRiKQbgFitkbK5SANwlOYgH/9k="
?Keep your face always toward the sunshine, and shadows will fall behind you.?;Walt Whitman;https://c4.wallpaperflare.com/wallpaper/915/468/47/watching-the-sunset-wallpaper-preview.jpg
?Be courageous. Challenge orthodoxy. Stand up for what you believe in. When you are in your rocking chair talking to your grandchildren many years from now, be sure you have a good story to tell.?;Amal Clooney;https://i.pinimg.com/originals/f7/5f/49/f75f4952f4a61e286e41e570b5869361.png
?You make a choice: continue living your life feeling muddled in this abyss of self-misunderstanding, or you find your identity independent of it. You draw your own box.?;Duchess Meghan;https://live.staticflickr.com/4173/34595734765_3b67fc4957_b.jpg
?I just want you to know that if you are out there and you are being really hard on yourself right now for something that has happened ? it?s normal. That is what is going to happen to you in life. No one gets through unscathed. We are all going to have a few scratches on us. Please be kind to yourselves and stand up for yourself, please.?;Taylor Swift;https://c4.wallpaperflare.com/wallpaper/915/468/47/watching-the-sunset-wallpaper-preview.jpg
?Success is not final, failure is not fatal: it is the courage to continue that counts.?;Winston Churchill;https://images8.alphacoders.com/459/thumbbig-459797.webp
?You define your own life. Don?t let other people write your script.?;Oprah Winfrey;https://i.pinimg.com/originals/f7/5f/49/f75f4952f4a61e286e41e570b5869361.png
?You are never too old to set another goal or to dream a new dream.?;Malala Yousafzai;https://images5.alphacoders.com/385/thumbbig-385820.webp
?At the end of the day, whether or not those people are comfortable with how you?re living your life doesn?t matter. What matters is whether you?re comfortable with it.?;Dr. Phil;http://static.demilked.com/wp-content/uploads/2020/08/5f461629ca07a-With-cardboard-cutouts-Im-trying-to-take-sunset-silhouettes-to-the-next-level-5f3ead5765501__880.jpg
?People tell you the world looks a certain way. Parents tell you how to think. Schools tell you how to think. TV. Religion. And then at a certain point, if you?re lucky, you realize you can make up your own mind. Nobody sets the rules but you. You can design your own life.?;Carrie Ann Moss;https://c4.wallpaperflare.com/wallpaper/915/468/47/watching-the-sunset-wallpaper-preview.jpg
?For me, becoming isn?t about arriving somewhere or achieving a certain aim. I see it instead as forward motion, a means of evolving, a way to reach continuously toward a better self. The journey doesn?t end.?;Michelle Obama;https://images8.alphacoders.com/459/thumbbig-459797.webp
?Spread love everywhere you go.?;Mother Teresa;https://i.pinimg.com/originals/f7/5f/49/f75f4952f4a61e286e41e570b5869361.png
?Do not allow people to dim your shine because they are blinded. Tell them to put some sunglasses on.?;Lady Gaga;https://i.pinimg.com/736x/a2/34/6d/a2346d13aa0da174f6bf287500445ba5--lady-gaga-meat-meat-dress.jpg
?If you make your internal life a priority, then everything else you need on the outside will be given to you and it will be extremely clear what the next step is.?;Gabrielle Bernstein;https://c4.wallpaperflare.com/wallpaper/915/468/47/watching-the-sunset-wallpaper-preview.jpg
?You don?t always need a plan. Sometimes you just need to breathe, trust, let go and see what happens.?;Mandy Hale;https://images8.alphacoders.com/459/thumbbig-459797.webp
?You can be everything. You can be the infinite amount of things that people are.?;Kesha;https://c.wallhere.com/photos/e8/40/lego_legography_starwars_snowtrooper_snow_stormtrooper-928555.jpg!d
?What lies behind you and what lies in front of you, pales in comparison to what lies inside of you.?;Ralph Waldo Emerson;https://i.pinimg.com/originals/f7/5f/49/f75f4952f4a61e286e41e570b5869361.png
?I want to be in the arena. I want to be brave with my life. And when we make the choice to dare greatly, we sign up to get our asses kicked. We can choose courage or we can choose comfort, but we can?t have both. Not at the same time.?;Brene Brown;https://images5.alphacoders.com/385/thumbbig-385820.webp
?I?m going to be gone one day, and I have to accept that tomorrow isn?t promised. Am I OK with how I?m living today? It?s the only thing I can help. If I didn?t have another one, what have I done with all my todays? Am I doing a good job??;Hayley Williams;https://images8.alphacoders.com/459/thumbbig-459797.webp
?I am experienced enough to do this. I am knowledgeable enough to do this. I am prepared enough to do this. I am mature enough to do this. I am brave enough to do this.?;Alexandria Ocasio-Cortez in Knock Down The House;http://static.demilked.com/wp-content/uploads/2020/08/5f461629ca07a-With-cardboard-cutouts-Im-trying-to-take-sunset-silhouettes-to-the-next-level-5f3ead5765501__880.jpg
?Belief creates the actual fact.?;William James;https://c4.wallpaperflare.com/wallpaper/915/468/47/watching-the-sunset-wallpaper-preview.jpg
?No matter what people tell you, words and ideas can change the world.?;Robin Williams  as John Keating in Dead Poets Society;https://images8.alphacoders.com/459/thumbbig-459797.webp
?I?m not going to continue knocking that old door that doesn?t open for me. I?m going to create my own door and walk through that.?;Ava DuVernay;https://i.pinimg.com/originals/f7/5f/49/f75f4952f4a61e286e41e570b5869361.png
?It is during our darkest moments that we must focus to see the light.?;Aristotle;https://www.danieljoachim.org/wp-content/uploads/2021/12/aristotle-105929516.jpg
?Not having the best situation, but seeing the best in your situation s the key to happiness.?;Marie Forleo;https://c4.wallpaperflare.com/wallpaper/915/468/47/watching-the-sunset-wallpaper-preview.jpg
?Believe you can and you?re halfway there.?;Theodore Roosevelt;https://images5.alphacoders.com/385/thumbbig-385820.webp
?Weaknesses are just strengths in the wrong environment.?;Marianne Cantwell;https://i.pinimg.com/originals/f7/5f/49/f75f4952f4a61e286e41e570b5869361.png
?Just don?t give up trying to do what you really want to do. Where there is love and inspiration, I don?t think you can go wrong.?;Ella Fitzgerald;https://images8.alphacoders.com/459/thumbbig-459797.webp
?Silence is the last thing the world will ever hear from me.?;Marlee Matlin;https://i.pinimg.com/originals/f7/5f/49/f75f4952f4a61e286e41e570b5869361.png
?In a gentle way, you can shake the world.?;Mahatma Gandhi;https://live.staticflickr.com/4173/34595734765_3b67fc4957_b.jpg
?Everyone has inside of him a piece of good news. The good news is that you don?t know how great you can be! How much you can love! What you can accomplish! And what your potential is!?;Anne Frank;https://c4.wallpaperflare.com/wallpaper/915/468/47/watching-the-sunset-wallpaper-preview.jpg
?All you need is the plan, the road map, and the courage to press on to your destination.?;Earl Nightingale;http://static.demilked.com/wp-content/uploads/2020/08/5f461629ca07a-With-cardboard-cutouts-Im-trying-to-take-sunset-silhouettes-to-the-next-level-5f3ead5765501__880.jpg
?I care about decency and humanity and kindness. Kindness today is an act of rebellion.?;Pink;https://images5.alphacoders.com/385/thumbbig-385820.webp
?If you have good thoughts they will shine out of your face like sunbeams and you will always look lovely.?;Roald Dahl;https://i.pinimg.com/originals/f7/5f/49/f75f4952f4a61e286e41e570b5869361.png
?Try to be a rainbow in someone?s cloud.?;Maya Angelou;"data:image/jpeg;base64,/9j/4AAQSkZJRgABAQAAAQABAAD/2wCEAAoHCBUWEhgSEhUYFRUSEhEYGBkSGBISERESGBgaGRgVGRgcIS4lHB4rHxgYJjgmKy8xNTU1GiQ7QD0zPy42NT8BDAwMEA8QGBERGDEdGB00NDQxMTQxMTE0NDExMTQxMTQ0MTExPzQ0QDExMTQ/ND80MTQxMTE0MTExNTExNDExMf/AABEIAOEA4QMBIgACEQEDEQH/xAAcAAEAAQUBAQAAAAAAAAAAAAAAAQIDBAUHBgj/xABBEAACAQIDBAcFBQQKAwAAAAABAgADEQQSIQUxQVEGB2FxgZGhEyIyQlIUYnKxwYLR4fAVIyRTY5KissLxCDNU/8QAGQEBAQEBAQEAAAAAAAAAAAAAAAECBAMF/8QAHxEBAQEBAAMAAgMAAAAAAAAAAAERAgMEIRJREzFB/9oADAMBAAIRAxEAPwDs0REBESIExIiBMSktIzQK4lIMmBMSJbZ7cIF2JYNbs9ZHt+z1gZETGNc8vWR9q7PWBlRLKVLi8VKluF4F6JjfahyMkYle3ygZESyK685cDDhAqiRECYkSYCIiAiIgIiICRJkQKKjWHaZR3ymqfeA5D85UIE3kgymSIFxZMoWVwKXOksmXKhlomBBlBkkykmUGlBksZQxgA1pkZrrMMmXab6WgUMZF5S51ixhVYMqDcpbi8gyqWINwDqD5iZs07GbOi+ZQeY9eMC7JkSYQiIgIiICIiAkGTIMDGc++fCVAy05989/6SsQLiyrOOcwcftClRTPXqpRX6qjqik8hc6zS1OnGzVFzi0PKwc37rLr4QPUZxzjunn6PSrAPbLiUF7Wzk0/9wE2dDEI4vSqI4/w3V/yMuDKYEy00p9qRv0lzOGGuh5wLZlJk3kSChpQxlTS3a+glVSASbDUnlMtMOQLtIWoqDmTMapWd917dm6EZDMo4iWWxAmvx2KpURmxFZKQ/xHVb9wJ1nn8b0+2fTNjVdyP7pGYeco9aaoMm88NQ6y9nMbE1k7Xpkj/SSZ6fZe18PiFzYaslUDeEYZl/Ep1HiJBsSZm7Oe6kcj+c115lbMb32HNQfI/xkVs5MiTCEREBERAREQEiTIgYJPvHvM123NpPSphaCe0xFUOKakXpqwHxubiyAlb6630vM5Dv7SfzlSrx5QOdUerd8RU+0bTxNStVbXKhyU0H0qbXAHIBRNovVbgxqpqKTyc/qDPa5pUHl0c4xvVdQVb07u3Ou9dgx7cjrbynPdsdGsVhXNT7MtFUI/raeIcU/BmcMPGfQzvMPEIrAggEEWINiD2EcZdMcG2X1kY6g1vaCtTBHuYjNVsvIVPiOnEkzpPRjrGwuKIpv/Z6zbkdgabnkr7r9hse+a7pF1b4auS9D+zVDr7gzUXPany/s+U5f0h6KYrBn+vp3S+lSnd6R5a8O42kH0qtS/eJcBnEer3pzUSpTwuJY1KbsqI51qUmOiqxPxJ6junZqbyC48M+UfeMts4vOUdYPT+qlV8JhTkKWV6vz3sCVTlofi38rb5Vr2/SLpdhcFriHz1bXWklmfszDco7TOYdIOtHGYg5KRXDUvppE+0ZeTVOH7Np5fY+wsTjKh9kjPc+9UqEhAeJZzvPZqZ07o71d4ejZ8RbEVNNGFqCnsT5u9vIQjwWyNhYrGv7RKast/eq1XqFL8szMWY9gvPc7K6qaRsa9VmO8rSHsqfmSWPpOgUaYUAAAWGgAsAOQHCXQ9oHlV6ucAosaObtZ6pP+6a3F9XNJWFXA1amGrJqjBi6Ajde/vAdx8DPdl5BaUa3YuNqvTK4lAlekQr5P/XU0utRD9LDhwII5Tc4BrVF7bj0/hMNzLmGazofvL+dpkejkyBJgIiICIiAiIgJSxlUtVzZWP3T+UDXUTpLwMx6Hwy4HlVWWlJeW3qCYz1/XgBcnuEhjKZ5Zd4TCVG+XKPvm3oJV/Rj818z+6TV+MeprMdgGBRwGVgQQwBUg8CDvEy6mCqL8tx90gzEb1B1G4iEeN2h1b0vtVLE4WyKtVXqUjfLYHNdOWtvd3crToCJYSvCrdZkPSmisKoNJzodXyPjauKxLZ0eoXSmtwDffnPEX4D+E6TXTSYLrJUYtCkiKKdNQiKLBUAVVHIAbpkoLTGDa/zrNhQ2bUbU2Ufe3+QkFvPIJmeNjc38l/jKX2OflYeII/KUYN4vFegyH3xYHcRqD4y2HgVOZTntryIPlrKGeUOdIHsRJlnDtdFPNFPmBL0BERAREQEREBPNdPNqvhdn1cRSALU/Z6NuKtUVXHYcpNjwnpZ47rWW+x8T+GmfKokDZbKctQps29qaMe8qCZkOoO/0mHsVs1CjyNGkfDIJtLgS1vlgPTH1W75m4Cmqi+hY/Nv05A8IKA8L+F5bbBDeAV/DcSY3fxsy/GzBHCJqPs7cHPiBJ+zsd7+kPO8z9to1RRvIHeRMDFItQjJYsDv4W7Txln7LzJMzL6Cwt3QiilTyiwmQw93xlCys8u2UrFxQtcc7TXuk2eOE17QQ2fkRyX5DKbXA59xm5Suh+FlPcRNGd8pTDA8SO6MR6O8gmeeOHI3MfSQaLfXGDbY3EIEIYg3Frb/+p5r9qZpww43PeZUEA3ARjUYIt/2Jj41j7N7HXI9iOBymxmzciazHrYMOat+UqVqupPalSvh8R7ao9RlrobuxbKGQaDkLruE6fOP/APj+p9niz8pfDgfiCvf0InYJlCIiAiIgIiICazpBsxMThauHqXyVEIOU2YW1BB53AmzlLcucDzmyKeSmlMEkU6aICd5CqFBPbpKsVjMplKGx9PKa7aqnfM2u30+Oe+srd4TaAtM5MWDPGYJ2m5w7mJ09/P6vPNtbdnB3ReYiPKw83HzuucrJpC5Al+vvEw6VT3hMgtc3hlUsrMoWVnhBVjFaia9pssSthNc8C0d8vVUyEDmLyw0irWJOp4DwlSrueSji+u7smLnlJeEbFsSg3LfvmHjsUmW40MxKtWaPaWKPCY6rv9TwTydNkMYCbSMS2YCaDAOzNN424Sc3W/e8PPisk/t6Pops6nQwqU6aKgsWORQoZid5tvO6buYmzky0kHKmn5TLmnziIiAiIgIiICQZMgwPPYpLOw5MfI6/rMeumYTP2qlnv9SjzGn7phvzks16ePu8XYw0oWMyqYlDOOPDnwgVBwN+7WSTHR3571PrKVpV7SYYq8BMilh2b4jlHrNOa3VynWuQBvmzXQTGXDqgFhx8TLrVBKlXlldRrAeMsK8orVpGVdWpcWmA0qetLLPCxVMCu9mtMrPLToG3yiyGkEyh6RG7US2X4GETUM1OMo5ps3YS0cu+48NZizXZ6/n/AI/rEweGy6zMUXIA+YgeZtKFYE2G4bzM3ZdPNWQfev4Lr+ksmPPz+TrvrensUWwA5ADylciTK5yIiAiIgIiICRJkQNftandA30t6H+Npqk4jxm/xSZkZeanz4TzynW8LLjHxmDWtTehU+GrTdDzGYWv4b/Ccx6A7YbD4p9n4s2/rCis5NkrKcuQk/K3A93OdYYcZzPrX6O6rtCkNDlWuBwI0Srp4KT2LEW3/AF1OlTA4TKQTm3V/07Sqq4XFuFrr7qOxCpXHAE7g/wDu79J0kGVfy+fFx9RNTjHca2PhNkWmNjMUlNGqVWVURSzM9sqgcTGMNZidupQph8Q6oGYKpcquZrXtrxtIpbYpOLo6kHjcWnIOle2zj6+ZwwpIctCknxZWOjWt8b2AA4C54a6ejspvcTDu5r1Gsqo2VdCfaNcbkW2XNfUqx3AXmDutbaKKLs627xMTD7eoVGZKVRHdRcqrAsF52nDtrYCvScUsSWJKhlOYutReJUniOW/S3GWdm41sNVWtSNnptff7jrxXtVhGD6Ao1yd4My0Oms1PR/bFLFUVrUjpudTbPTfirD+bibYtLiBlmogMuXnlemHS9MIhRCr4hgQqbxT++9twH07z3axiyvP9ZW2QijB0zd6lmfLvRPlX8TcuXfN/0d2WcPhKdE/FlzP+N/eYeF7eE8R0F2Q2KxbYzEEutJ87M+pq4jeq9w0Y9yjjOqBbm8jXPWXVCJYd82/Ruleoz/QtvFj+4Gapz6T0nR2lakW4uxPgNB+sJbbdrbyZEmEIiICIiAiIgJEmRATzmJp5XZeTG3cdR+c9HNVtejucfhP6H9PKBgLylFSkrq1OoodHVlZWF1dCLFSOUkSpoVxLpp0LqYV2qUlaphmuQwuzUh9DjfYcG89Zrtk9M8dhwFpYhyi7lqWqoByGbUeBE+gA00uN6H4GsxZ8PTDNvKqEJPM5bS6jmq9aWPta9IHn7PXyzWvNJtrpPi8ZYVnzqpuEUBKKn63A0J751St1X4M6pTv2LUqoR3AtaazFdW+HAyhKq9ntGy+VtY1HLaOIyghSzM1w7i+Zy2hp0+IvoC28jkND1Pob0fNJPa1QPb1FXNbdSQfDRTkALX7e6WNn9CVoVVqqmc075RUclA31WCjWelXEYkaCin+ZpNVrulWwVxNAofdYHMj8UcfN3HcezXhOJ4qk6O1NxlZWKsOR4kdh9Z31sTif7lPFmnmNtdERiXFSomR7WJpuwzDhcFTu3Rpjl+y9rVsM+fD1GRiLErazD6WU6MO+ehXrFx4Fs6Hvppeelw/VvRvdzVP4XX19yZ9Lq3woGqOfxVG/42lRz3HdNMfVBV8SyqRqKYWl4XUA+sq6OdFsRi3BClKRN2q1Acp55b/E3pzM6rgeh+DpEMtBLjcXBqEHn799Zt2IAsu79IGLs/AJQppQorlSmNObE72J4knW8ynNpKDiZbY3gUz2uEo5Kap9KgePH1nmdjYbPVGnupZj4bh5/lPWyKSZEmAiIgIiICIiAkSZEBKXUEEEXB3jnKogaDGYco1vlPwn9JZUzf16IZSrbj5g8xNFXolWyt4HgRzEKpjXhAMQiRXYb/SXBjja1/OWzLLpAvvil7JQcUvMTXY/B56b07lS6OoZSQyFgQGBG4gmcFq7XxSsVbEVQyMyn320ZTY+olR9FjGAcvSUNjAeU+dP6dxP/wBFT/O07L0YoOmEoiozO7IGcuSzZn961+wMB4RR6NsVymO9cmWwsqyyCGYyALybQxtAh24SlVLMFUXZjYDmZCqSQqgknQAakz0+ydmCmMzWLsNeIUfSP3wL+zcEKSZd7HVjzb9wmbEQpJkSYCIiAiIgIiICRJkQEREBMfFYYOtjvG48QZkRA81UQo2VtCPI9olQN5ucbhA623Ebjy7D2TREFWKsLEaEQLoEZZCSsGUWHpz546WUsmPxKgWtiapt3nN+s+jXM+eunYttPEj/ABr+ag/rA0NMFiBzI/n1n0fRSygW3ADyE+d9mrerTUfNURf8zKJ9GKYSqSIIkkykmQQxtLSqWYKouxNgBvMqALMFUXYmwA3mem2Vs0Ulu1i5Gp4D7o7IU2Xs0UxmNi5Gp4L2CbKIgIiICTIkwEREBERAREQEiTIgIiICIiAmDtHBZxddHXceDD6TM6IHmUbWxFiDYg7weUuXm1x2AD+8DlcDRufYw4iaOrmQ5XGU/wClu0HjArd5wnrKo5dp1T9a0X80Uf8AGdveqJyHrXw1sVTqjdUoZf2kc/oywPMdGqGfGYdRxr0z4KwY/kZ35WnEugFHNtCmf7sVH8lIHqwnZhUlRfJlABYhVBLE6AbzKsPRao2VBfmdyqOZM9Ps7Zy0hp7zHex39w5CQW9l7NFMZm1cjU8FH0ibKIhSIiAiIgJMiTAREQEREBERASJMQIiTECIkxAiJMQIlupTVhlYAg8CLiXYgaXEbBRtUZkPL418jr6zxXTroHXxNEeyKPUpMWQElCwYWdddBewO/eJ0+IHHegnVziqOavXyU3cZFQtnZFuCxJW4uSBpfh2zoGF6NAa1ahfsUZF8TcmeiiBZoUFRcqKFUcBLsmIERJiBESYgREmIESYiAiIgIiICIiAiIgIiICIiAiIgIiICIiAiIgIiICIiAiIgIiICIiAiIgIiIH//Z"
?We must let go of the life we have planned, so as to accept the one that is waiting for us.?;Joseph Campbell;https://i.pinimg.com/originals/f7/5f/49/f75f4952f4a61e286e41e570b5869361.png
?Find out who you are and be that person. That?s what your soul was put on this earth to be. Find that truth, live that truth, and everything else will come.?;Ellen DeGeneres;https://www.newshub.co.nz/home/entertainment/2018/02/ellen-degeneres-moved-to-tears-on-tv-by-wife-portia-de-rossi-s-birthday-gift/_jcr_content/par/image.dynimg.full.q75.jpg/v1517906630368/nbc_ellencries_020218_1120.jpg
?Real change, enduring change, happens one step at a time.?;Ruth Bader Ginsburg;https://i.pinimg.com/originals/f7/5f/49/f75f4952f4a61e286e41e570b5869361.png
?Wake up determined, go to bed satisfied.?;Dwayne ?The Rock? Johnson;https://live.staticflickr.com/4173/34595734765_3b67fc4957_b.jpg
?Nobody built like you, you design yourself.?;Jay-Z;https://images5.alphacoders.com/385/thumbbig-385820.webp
?You gain strength, courage, and confidence by every experience in which you really stop to look fear in the face. You are able to say to yourself, ?I lived through this horror. I can take the next thing that comes along.? You must do the thing you think you cannot do.?;Eleanor Roosevelt;https://i.pinimg.com/originals/f7/5f/49/f75f4952f4a61e286e41e570b5869361.png
?I tell myself, ?You?ve been through so much, you?ve endured so much, time will allow me to heal, and soon this will be just another memory that made me the strong woman, athlete, and mother I am today.??;Serena Williams;"data:image/jpeg;base64,/9j/4AAQSkZJRgABAQAAAQABAAD/2wCEAAoHCBUWEhgSEhUYFRUSEhEYGBkSGBISERESGBgaGRgVGRgcIS4lHB4rHxgYJjgmKy8xNTU1GiQ7QD0zPy42NT8BDAwMEA8QGBERGDEdGB00NDQxMTQxMTE0NDExMTQxMTQ0MTExPzQ0QDExMTQ/ND80MTQxMTE0MTExNTExNDExMf/AABEIAOEA4QMBIgACEQEDEQH/xAAcAAEAAQUBAQAAAAAAAAAAAAAAAQIDBAUHBgj/xABBEAACAQIDBAcFBQQKAwAAAAABAgADEQQSIQUxQVEGB2FxgZGhEyIyQlIUYnKxwYLR4fAVIyRTY5KissLxCDNU/8QAGQEBAQEBAQEAAAAAAAAAAAAAAAECBAMF/8QAHxEBAQEBAAMAAgMAAAAAAAAAAAERAgMEIRJREzFB/9oADAMBAAIRAxEAPwDs0REBESIExIiBMSktIzQK4lIMmBMSJbZ7cIF2JYNbs9ZHt+z1gZETGNc8vWR9q7PWBlRLKVLi8VKluF4F6JjfahyMkYle3ygZESyK685cDDhAqiRECYkSYCIiAiIgIiICRJkQKKjWHaZR3ymqfeA5D85UIE3kgymSIFxZMoWVwKXOksmXKhlomBBlBkkykmUGlBksZQxgA1pkZrrMMmXab6WgUMZF5S51ixhVYMqDcpbi8gyqWINwDqD5iZs07GbOi+ZQeY9eMC7JkSYQiIgIiICIiAkGTIMDGc++fCVAy05989/6SsQLiyrOOcwcftClRTPXqpRX6qjqik8hc6zS1OnGzVFzi0PKwc37rLr4QPUZxzjunn6PSrAPbLiUF7Wzk0/9wE2dDEI4vSqI4/w3V/yMuDKYEy00p9qRv0lzOGGuh5wLZlJk3kSChpQxlTS3a+glVSASbDUnlMtMOQLtIWoqDmTMapWd917dm6EZDMo4iWWxAmvx2KpURmxFZKQ/xHVb9wJ1nn8b0+2fTNjVdyP7pGYeco9aaoMm88NQ6y9nMbE1k7Xpkj/SSZ6fZe18PiFzYaslUDeEYZl/Ep1HiJBsSZm7Oe6kcj+c115lbMb32HNQfI/xkVs5MiTCEREBERAREQEiTIgYJPvHvM123NpPSphaCe0xFUOKakXpqwHxubiyAlb6630vM5Dv7SfzlSrx5QOdUerd8RU+0bTxNStVbXKhyU0H0qbXAHIBRNovVbgxqpqKTyc/qDPa5pUHl0c4xvVdQVb07u3Ou9dgx7cjrbynPdsdGsVhXNT7MtFUI/raeIcU/BmcMPGfQzvMPEIrAggEEWINiD2EcZdMcG2X1kY6g1vaCtTBHuYjNVsvIVPiOnEkzpPRjrGwuKIpv/Z6zbkdgabnkr7r9hse+a7pF1b4auS9D+zVDr7gzUXPany/s+U5f0h6KYrBn+vp3S+lSnd6R5a8O42kH0qtS/eJcBnEer3pzUSpTwuJY1KbsqI51qUmOiqxPxJ6junZqbyC48M+UfeMts4vOUdYPT+qlV8JhTkKWV6vz3sCVTlofi38rb5Vr2/SLpdhcFriHz1bXWklmfszDco7TOYdIOtHGYg5KRXDUvppE+0ZeTVOH7Np5fY+wsTjKh9kjPc+9UqEhAeJZzvPZqZ07o71d4ejZ8RbEVNNGFqCnsT5u9vIQjwWyNhYrGv7RKast/eq1XqFL8szMWY9gvPc7K6qaRsa9VmO8rSHsqfmSWPpOgUaYUAAAWGgAsAOQHCXQ9oHlV6ucAosaObtZ6pP+6a3F9XNJWFXA1amGrJqjBi6Ajde/vAdx8DPdl5BaUa3YuNqvTK4lAlekQr5P/XU0utRD9LDhwII5Tc4BrVF7bj0/hMNzLmGazofvL+dpkejkyBJgIiICIiAiIgJSxlUtVzZWP3T+UDXUTpLwMx6Hwy4HlVWWlJeW3qCYz1/XgBcnuEhjKZ5Zd4TCVG+XKPvm3oJV/Rj818z+6TV+MeprMdgGBRwGVgQQwBUg8CDvEy6mCqL8tx90gzEb1B1G4iEeN2h1b0vtVLE4WyKtVXqUjfLYHNdOWtvd3crToCJYSvCrdZkPSmisKoNJzodXyPjauKxLZ0eoXSmtwDffnPEX4D+E6TXTSYLrJUYtCkiKKdNQiKLBUAVVHIAbpkoLTGDa/zrNhQ2bUbU2Ufe3+QkFvPIJmeNjc38l/jKX2OflYeII/KUYN4vFegyH3xYHcRqD4y2HgVOZTntryIPlrKGeUOdIHsRJlnDtdFPNFPmBL0BERAREQEREBPNdPNqvhdn1cRSALU/Z6NuKtUVXHYcpNjwnpZ47rWW+x8T+GmfKokDZbKctQps29qaMe8qCZkOoO/0mHsVs1CjyNGkfDIJtLgS1vlgPTH1W75m4Cmqi+hY/Nv05A8IKA8L+F5bbBDeAV/DcSY3fxsy/GzBHCJqPs7cHPiBJ+zsd7+kPO8z9to1RRvIHeRMDFItQjJYsDv4W7Txln7LzJMzL6Cwt3QiilTyiwmQw93xlCys8u2UrFxQtcc7TXuk2eOE17QQ2fkRyX5DKbXA59xm5Suh+FlPcRNGd8pTDA8SO6MR6O8gmeeOHI3MfSQaLfXGDbY3EIEIYg3Frb/+p5r9qZpww43PeZUEA3ARjUYIt/2Jj41j7N7HXI9iOBymxmzciazHrYMOat+UqVqupPalSvh8R7ao9RlrobuxbKGQaDkLruE6fOP/APj+p9niz8pfDgfiCvf0InYJlCIiAiIgIiICazpBsxMThauHqXyVEIOU2YW1BB53AmzlLcucDzmyKeSmlMEkU6aICd5CqFBPbpKsVjMplKGx9PKa7aqnfM2u30+Oe+srd4TaAtM5MWDPGYJ2m5w7mJ09/P6vPNtbdnB3ReYiPKw83HzuucrJpC5Al+vvEw6VT3hMgtc3hlUsrMoWVnhBVjFaia9pssSthNc8C0d8vVUyEDmLyw0irWJOp4DwlSrueSji+u7smLnlJeEbFsSg3LfvmHjsUmW40MxKtWaPaWKPCY6rv9TwTydNkMYCbSMS2YCaDAOzNN424Sc3W/e8PPisk/t6Pops6nQwqU6aKgsWORQoZid5tvO6buYmzky0kHKmn5TLmnziIiAiIgIiICQZMgwPPYpLOw5MfI6/rMeumYTP2qlnv9SjzGn7phvzks16ePu8XYw0oWMyqYlDOOPDnwgVBwN+7WSTHR3571PrKVpV7SYYq8BMilh2b4jlHrNOa3VynWuQBvmzXQTGXDqgFhx8TLrVBKlXlldRrAeMsK8orVpGVdWpcWmA0qetLLPCxVMCu9mtMrPLToG3yiyGkEyh6RG7US2X4GETUM1OMo5ps3YS0cu+48NZizXZ6/n/AI/rEweGy6zMUXIA+YgeZtKFYE2G4bzM3ZdPNWQfev4Lr+ksmPPz+TrvrensUWwA5ADylciTK5yIiAiIgIiICRJkQNftandA30t6H+Npqk4jxm/xSZkZeanz4TzynW8LLjHxmDWtTehU+GrTdDzGYWv4b/Ccx6A7YbD4p9n4s2/rCis5NkrKcuQk/K3A93OdYYcZzPrX6O6rtCkNDlWuBwI0Srp4KT2LEW3/AF1OlTA4TKQTm3V/07Sqq4XFuFrr7qOxCpXHAE7g/wDu79J0kGVfy+fFx9RNTjHca2PhNkWmNjMUlNGqVWVURSzM9sqgcTGMNZidupQph8Q6oGYKpcquZrXtrxtIpbYpOLo6kHjcWnIOle2zj6+ZwwpIctCknxZWOjWt8b2AA4C54a6ejspvcTDu5r1Gsqo2VdCfaNcbkW2XNfUqx3AXmDutbaKKLs627xMTD7eoVGZKVRHdRcqrAsF52nDtrYCvScUsSWJKhlOYutReJUniOW/S3GWdm41sNVWtSNnptff7jrxXtVhGD6Ao1yd4My0Oms1PR/bFLFUVrUjpudTbPTfirD+bibYtLiBlmogMuXnlemHS9MIhRCr4hgQqbxT++9twH07z3axiyvP9ZW2QijB0zd6lmfLvRPlX8TcuXfN/0d2WcPhKdE/FlzP+N/eYeF7eE8R0F2Q2KxbYzEEutJ87M+pq4jeq9w0Y9yjjOqBbm8jXPWXVCJYd82/Ruleoz/QtvFj+4Gapz6T0nR2lakW4uxPgNB+sJbbdrbyZEmEIiICIiAiIgJEmRATzmJp5XZeTG3cdR+c9HNVtejucfhP6H9PKBgLylFSkrq1OoodHVlZWF1dCLFSOUkSpoVxLpp0LqYV2qUlaphmuQwuzUh9DjfYcG89Zrtk9M8dhwFpYhyi7lqWqoByGbUeBE+gA00uN6H4GsxZ8PTDNvKqEJPM5bS6jmq9aWPta9IHn7PXyzWvNJtrpPi8ZYVnzqpuEUBKKn63A0J751St1X4M6pTv2LUqoR3AtaazFdW+HAyhKq9ntGy+VtY1HLaOIyghSzM1w7i+Zy2hp0+IvoC28jkND1Pob0fNJPa1QPb1FXNbdSQfDRTkALX7e6WNn9CVoVVqqmc075RUclA31WCjWelXEYkaCin+ZpNVrulWwVxNAofdYHMj8UcfN3HcezXhOJ4qk6O1NxlZWKsOR4kdh9Z31sTif7lPFmnmNtdERiXFSomR7WJpuwzDhcFTu3Rpjl+y9rVsM+fD1GRiLErazD6WU6MO+ehXrFx4Fs6Hvppeelw/VvRvdzVP4XX19yZ9Lq3woGqOfxVG/42lRz3HdNMfVBV8SyqRqKYWl4XUA+sq6OdFsRi3BClKRN2q1Acp55b/E3pzM6rgeh+DpEMtBLjcXBqEHn799Zt2IAsu79IGLs/AJQppQorlSmNObE72J4knW8ynNpKDiZbY3gUz2uEo5Kap9KgePH1nmdjYbPVGnupZj4bh5/lPWyKSZEmAiIgIiICIiAkSZEBKXUEEEXB3jnKogaDGYco1vlPwn9JZUzf16IZSrbj5g8xNFXolWyt4HgRzEKpjXhAMQiRXYb/SXBjja1/OWzLLpAvvil7JQcUvMTXY/B56b07lS6OoZSQyFgQGBG4gmcFq7XxSsVbEVQyMyn320ZTY+olR9FjGAcvSUNjAeU+dP6dxP/wBFT/O07L0YoOmEoiozO7IGcuSzZn961+wMB4RR6NsVymO9cmWwsqyyCGYyALybQxtAh24SlVLMFUXZjYDmZCqSQqgknQAakz0+ydmCmMzWLsNeIUfSP3wL+zcEKSZd7HVjzb9wmbEQpJkSYCIiAiIgIiICRJkQEREBMfFYYOtjvG48QZkRA81UQo2VtCPI9olQN5ucbhA623Ebjy7D2TREFWKsLEaEQLoEZZCSsGUWHpz546WUsmPxKgWtiapt3nN+s+jXM+eunYttPEj/ABr+ag/rA0NMFiBzI/n1n0fRSygW3ADyE+d9mrerTUfNURf8zKJ9GKYSqSIIkkykmQQxtLSqWYKouxNgBvMqALMFUXYmwA3mem2Vs0Ulu1i5Gp4D7o7IU2Xs0UxmNi5Gp4L2CbKIgIiICTIkwEREBERAREQEiTIgIiICIiAmDtHBZxddHXceDD6TM6IHmUbWxFiDYg7weUuXm1x2AD+8DlcDRufYw4iaOrmQ5XGU/wClu0HjArd5wnrKo5dp1T9a0X80Uf8AGdveqJyHrXw1sVTqjdUoZf2kc/oywPMdGqGfGYdRxr0z4KwY/kZ35WnEugFHNtCmf7sVH8lIHqwnZhUlRfJlABYhVBLE6AbzKsPRao2VBfmdyqOZM9Ps7Zy0hp7zHex39w5CQW9l7NFMZm1cjU8FH0ibKIhSIiAiIgJMiTAREQEREBERASJMQIiTECIkxAiJMQIlupTVhlYAg8CLiXYgaXEbBRtUZkPL418jr6zxXTroHXxNEeyKPUpMWQElCwYWdddBewO/eJ0+IHHegnVziqOavXyU3cZFQtnZFuCxJW4uSBpfh2zoGF6NAa1ahfsUZF8TcmeiiBZoUFRcqKFUcBLsmIERJiBESYgREmIESYiAiIgIiICIiAiIgIiICIiAiIgIiICIiAiIgIiICIiAiIgIiICIiAiIgIiIH//Z"
?Live your beliefs and you can turn the world around.?;Henry David Thoreau;https://c4.wallpaperflare.com/wallpaper/915/468/47/watching-the-sunset-wallpaper-preview.jpg
?Our lives are stories in which we write, direct and star in the leading role. Some chapters are happy while others bring lessons to learn, but we always have the power to be the heroes of our own adventures.?;Joelle Speranza;https://static.foto.no/linkeddata/bildekritikk/images/newimages/258000-258999/258539_large_736B8014-A976-11E3-A2C0-4D190FC1163B.jpg
?Life is like riding a bicycle. To keep your balance, you must keep moving.?;Albert Einstein;https://i.pinimg.com/originals/f7/5f/49/f75f4952f4a61e286e41e570b5869361.png
"?Don?t try to lessen yourself for the world; let the world catch up to you.?";Beyonc‚;https://images5.alphacoders.com/385/thumbbig-385820.webp
?Faith is love taking the form of aspiration.?;William Ellery Channing;https://i.pinimg.com/originals/f7/5f/49/f75f4952f4a61e286e41e570b5869361.png
?When it comes to luck, you make your own.?;Bruce Springsteen;https://wallpapercave.com/wp/wp7652485.jpg
?If you don?t like the road you?re walking, start paving another one!?;Dolly Parton;https://c.wallhere.com/photos/e8/40/lego_legography_starwars_snowtrooper_snow_stormtrooper-928555.jpg!d
"?I have learned over the years that when one?s mind is made up, this diminishes fear; knowing what must be done does away with fear.?";Rosa Parks;https://images5.alphacoders.com/385/thumbbig-385820.webp
?The moral of my story is the sun always comes out after the storm. Being optimistic and surrounding yourself with positive loving people is for me, living life on the sunny side of the street.?;Janice Dean;https://live.staticflickr.com/4173/34595734765_3b67fc4957_b.jpg
?We generate fears while we sit. We overcome them by action.?;Dr. Henry Link;https://c4.wallpaperflare.com/wallpaper/915/468/47/watching-the-sunset-wallpaper-preview.jpg
"?Dreams don?t have to just be dreams. You can make it a reality; if you just keep pushing and keep trying, then eventually you?ll reach your goal. And if that takes a few years, then that?s great, but if it takes 10 or 20, then that?s part of the process.?";Naomi Osaka;https://i.pinimg.com/originals/f7/5f/49/f75f4952f4a61e286e41e570b5869361.png
?We are not our best intentions. We are what we do.?;Amy Dickinson;http://static.demilked.com/wp-content/uploads/2020/08/5f461629ca07a-With-cardboard-cutouts-Im-trying-to-take-sunset-silhouettes-to-the-next-level-5f3ead5765501__880.jpg
?I?ve noticed when I fear something, if I just end up doing it, I?m grateful in the end.?;Colleen Hoover;https://images8.alphacoders.com/459/thumbbig-459797.webp
?There is no point. At all.?;Anonymous;http://static.demilked.com/wp-content/uploads/2020/08/5f461629ca07a-With-cardboard-cutouts-Im-trying-to-take-sunset-silhouettes-to-the-next-level-5f3ead5765501__880.jpg
?Give (a fuck)?;Anonymous;"data:image/jpeg;base64,/9j/4AAQSkZJRgABAQAAAQABAAD/2wCEAAoHCBUWEhgSEhUYFRUSEhEYGBkSGBISERESGBgaGRgVGRgcIS4lHB4rHxgYJjgmKy8xNTU1GiQ7QD0zPy42NT8BDAwMEA8QGBERGDEdGB00NDQxMTQxMTE0NDExMTQxMTQ0MTExPzQ0QDExMTQ/ND80MTQxMTE0MTExNTExNDExMf/AABEIAOEA4QMBIgACEQEDEQH/xAAcAAEAAQUBAQAAAAAAAAAAAAAAAQIDBAUHBgj/xABBEAACAQIDBAcFBQQKAwAAAAABAgADEQQSIQUxQVEGB2FxgZGhEyIyQlIUYnKxwYLR4fAVIyRTY5KissLxCDNU/8QAGQEBAQEBAQEAAAAAAAAAAAAAAAECBAMF/8QAHxEBAQEBAAMAAgMAAAAAAAAAAAERAgMEIRJREzFB/9oADAMBAAIRAxEAPwDs0REBESIExIiBMSktIzQK4lIMmBMSJbZ7cIF2JYNbs9ZHt+z1gZETGNc8vWR9q7PWBlRLKVLi8VKluF4F6JjfahyMkYle3ygZESyK685cDDhAqiRECYkSYCIiAiIgIiICRJkQKKjWHaZR3ymqfeA5D85UIE3kgymSIFxZMoWVwKXOksmXKhlomBBlBkkykmUGlBksZQxgA1pkZrrMMmXab6WgUMZF5S51ixhVYMqDcpbi8gyqWINwDqD5iZs07GbOi+ZQeY9eMC7JkSYQiIgIiICIiAkGTIMDGc++fCVAy05989/6SsQLiyrOOcwcftClRTPXqpRX6qjqik8hc6zS1OnGzVFzi0PKwc37rLr4QPUZxzjunn6PSrAPbLiUF7Wzk0/9wE2dDEI4vSqI4/w3V/yMuDKYEy00p9qRv0lzOGGuh5wLZlJk3kSChpQxlTS3a+glVSASbDUnlMtMOQLtIWoqDmTMapWd917dm6EZDMo4iWWxAmvx2KpURmxFZKQ/xHVb9wJ1nn8b0+2fTNjVdyP7pGYeco9aaoMm88NQ6y9nMbE1k7Xpkj/SSZ6fZe18PiFzYaslUDeEYZl/Ep1HiJBsSZm7Oe6kcj+c115lbMb32HNQfI/xkVs5MiTCEREBERAREQEiTIgYJPvHvM123NpPSphaCe0xFUOKakXpqwHxubiyAlb6630vM5Dv7SfzlSrx5QOdUerd8RU+0bTxNStVbXKhyU0H0qbXAHIBRNovVbgxqpqKTyc/qDPa5pUHl0c4xvVdQVb07u3Ou9dgx7cjrbynPdsdGsVhXNT7MtFUI/raeIcU/BmcMPGfQzvMPEIrAggEEWINiD2EcZdMcG2X1kY6g1vaCtTBHuYjNVsvIVPiOnEkzpPRjrGwuKIpv/Z6zbkdgabnkr7r9hse+a7pF1b4auS9D+zVDr7gzUXPany/s+U5f0h6KYrBn+vp3S+lSnd6R5a8O42kH0qtS/eJcBnEer3pzUSpTwuJY1KbsqI51qUmOiqxPxJ6junZqbyC48M+UfeMts4vOUdYPT+qlV8JhTkKWV6vz3sCVTlofi38rb5Vr2/SLpdhcFriHz1bXWklmfszDco7TOYdIOtHGYg5KRXDUvppE+0ZeTVOH7Np5fY+wsTjKh9kjPc+9UqEhAeJZzvPZqZ07o71d4ejZ8RbEVNNGFqCnsT5u9vIQjwWyNhYrGv7RKast/eq1XqFL8szMWY9gvPc7K6qaRsa9VmO8rSHsqfmSWPpOgUaYUAAAWGgAsAOQHCXQ9oHlV6ucAosaObtZ6pP+6a3F9XNJWFXA1amGrJqjBi6Ajde/vAdx8DPdl5BaUa3YuNqvTK4lAlekQr5P/XU0utRD9LDhwII5Tc4BrVF7bj0/hMNzLmGazofvL+dpkejkyBJgIiICIiAiIgJSxlUtVzZWP3T+UDXUTpLwMx6Hwy4HlVWWlJeW3qCYz1/XgBcnuEhjKZ5Zd4TCVG+XKPvm3oJV/Rj818z+6TV+MeprMdgGBRwGVgQQwBUg8CDvEy6mCqL8tx90gzEb1B1G4iEeN2h1b0vtVLE4WyKtVXqUjfLYHNdOWtvd3crToCJYSvCrdZkPSmisKoNJzodXyPjauKxLZ0eoXSmtwDffnPEX4D+E6TXTSYLrJUYtCkiKKdNQiKLBUAVVHIAbpkoLTGDa/zrNhQ2bUbU2Ufe3+QkFvPIJmeNjc38l/jKX2OflYeII/KUYN4vFegyH3xYHcRqD4y2HgVOZTntryIPlrKGeUOdIHsRJlnDtdFPNFPmBL0BERAREQEREBPNdPNqvhdn1cRSALU/Z6NuKtUVXHYcpNjwnpZ47rWW+x8T+GmfKokDZbKctQps29qaMe8qCZkOoO/0mHsVs1CjyNGkfDIJtLgS1vlgPTH1W75m4Cmqi+hY/Nv05A8IKA8L+F5bbBDeAV/DcSY3fxsy/GzBHCJqPs7cHPiBJ+zsd7+kPO8z9to1RRvIHeRMDFItQjJYsDv4W7Txln7LzJMzL6Cwt3QiilTyiwmQw93xlCys8u2UrFxQtcc7TXuk2eOE17QQ2fkRyX5DKbXA59xm5Suh+FlPcRNGd8pTDA8SO6MR6O8gmeeOHI3MfSQaLfXGDbY3EIEIYg3Frb/+p5r9qZpww43PeZUEA3ARjUYIt/2Jj41j7N7HXI9iOBymxmzciazHrYMOat+UqVqupPalSvh8R7ao9RlrobuxbKGQaDkLruE6fOP/APj+p9niz8pfDgfiCvf0InYJlCIiAiIgIiICazpBsxMThauHqXyVEIOU2YW1BB53AmzlLcucDzmyKeSmlMEkU6aICd5CqFBPbpKsVjMplKGx9PKa7aqnfM2u30+Oe+srd4TaAtM5MWDPGYJ2m5w7mJ09/P6vPNtbdnB3ReYiPKw83HzuucrJpC5Al+vvEw6VT3hMgtc3hlUsrMoWVnhBVjFaia9pssSthNc8C0d8vVUyEDmLyw0irWJOp4DwlSrueSji+u7smLnlJeEbFsSg3LfvmHjsUmW40MxKtWaPaWKPCY6rv9TwTydNkMYCbSMS2YCaDAOzNN424Sc3W/e8PPisk/t6Pops6nQwqU6aKgsWORQoZid5tvO6buYmzky0kHKmn5TLmnziIiAiIgIiICQZMgwPPYpLOw5MfI6/rMeumYTP2qlnv9SjzGn7phvzks16ePu8XYw0oWMyqYlDOOPDnwgVBwN+7WSTHR3571PrKVpV7SYYq8BMilh2b4jlHrNOa3VynWuQBvmzXQTGXDqgFhx8TLrVBKlXlldRrAeMsK8orVpGVdWpcWmA0qetLLPCxVMCu9mtMrPLToG3yiyGkEyh6RG7US2X4GETUM1OMo5ps3YS0cu+48NZizXZ6/n/AI/rEweGy6zMUXIA+YgeZtKFYE2G4bzM3ZdPNWQfev4Lr+ksmPPz+TrvrensUWwA5ADylciTK5yIiAiIgIiICRJkQNftandA30t6H+Npqk4jxm/xSZkZeanz4TzynW8LLjHxmDWtTehU+GrTdDzGYWv4b/Ccx6A7YbD4p9n4s2/rCis5NkrKcuQk/K3A93OdYYcZzPrX6O6rtCkNDlWuBwI0Srp4KT2LEW3/AF1OlTA4TKQTm3V/07Sqq4XFuFrr7qOxCpXHAE7g/wDu79J0kGVfy+fFx9RNTjHca2PhNkWmNjMUlNGqVWVURSzM9sqgcTGMNZidupQph8Q6oGYKpcquZrXtrxtIpbYpOLo6kHjcWnIOle2zj6+ZwwpIctCknxZWOjWt8b2AA4C54a6ejspvcTDu5r1Gsqo2VdCfaNcbkW2XNfUqx3AXmDutbaKKLs627xMTD7eoVGZKVRHdRcqrAsF52nDtrYCvScUsSWJKhlOYutReJUniOW/S3GWdm41sNVWtSNnptff7jrxXtVhGD6Ao1yd4My0Oms1PR/bFLFUVrUjpudTbPTfirD+bibYtLiBlmogMuXnlemHS9MIhRCr4hgQqbxT++9twH07z3axiyvP9ZW2QijB0zd6lmfLvRPlX8TcuXfN/0d2WcPhKdE/FlzP+N/eYeF7eE8R0F2Q2KxbYzEEutJ87M+pq4jeq9w0Y9yjjOqBbm8jXPWXVCJYd82/Ruleoz/QtvFj+4Gapz6T0nR2lakW4uxPgNB+sJbbdrbyZEmEIiICIiAiIgJEmRATzmJp5XZeTG3cdR+c9HNVtejucfhP6H9PKBgLylFSkrq1OoodHVlZWF1dCLFSOUkSpoVxLpp0LqYV2qUlaphmuQwuzUh9DjfYcG89Zrtk9M8dhwFpYhyi7lqWqoByGbUeBE+gA00uN6H4GsxZ8PTDNvKqEJPM5bS6jmq9aWPta9IHn7PXyzWvNJtrpPi8ZYVnzqpuEUBKKn63A0J751St1X4M6pTv2LUqoR3AtaazFdW+HAyhKq9ntGy+VtY1HLaOIyghSzM1w7i+Zy2hp0+IvoC28jkND1Pob0fNJPa1QPb1FXNbdSQfDRTkALX7e6WNn9CVoVVqqmc075RUclA31WCjWelXEYkaCin+ZpNVrulWwVxNAofdYHMj8UcfN3HcezXhOJ4qk6O1NxlZWKsOR4kdh9Z31sTif7lPFmnmNtdERiXFSomR7WJpuwzDhcFTu3Rpjl+y9rVsM+fD1GRiLErazD6WU6MO+ehXrFx4Fs6Hvppeelw/VvRvdzVP4XX19yZ9Lq3woGqOfxVG/42lRz3HdNMfVBV8SyqRqKYWl4XUA+sq6OdFsRi3BClKRN2q1Acp55b/E3pzM6rgeh+DpEMtBLjcXBqEHn799Zt2IAsu79IGLs/AJQppQorlSmNObE72J4knW8ynNpKDiZbY3gUz2uEo5Kap9KgePH1nmdjYbPVGnupZj4bh5/lPWyKSZEmAiIgIiICIiAkSZEBKXUEEEXB3jnKogaDGYco1vlPwn9JZUzf16IZSrbj5g8xNFXolWyt4HgRzEKpjXhAMQiRXYb/SXBjja1/OWzLLpAvvil7JQcUvMTXY/B56b07lS6OoZSQyFgQGBG4gmcFq7XxSsVbEVQyMyn320ZTY+olR9FjGAcvSUNjAeU+dP6dxP/wBFT/O07L0YoOmEoiozO7IGcuSzZn961+wMB4RR6NsVymO9cmWwsqyyCGYyALybQxtAh24SlVLMFUXZjYDmZCqSQqgknQAakz0+ydmCmMzWLsNeIUfSP3wL+zcEKSZd7HVjzb9wmbEQpJkSYCIiAiIgIiICRJkQEREBMfFYYOtjvG48QZkRA81UQo2VtCPI9olQN5ucbhA623Ebjy7D2TREFWKsLEaEQLoEZZCSsGUWHpz546WUsmPxKgWtiapt3nN+s+jXM+eunYttPEj/ABr+ag/rA0NMFiBzI/n1n0fRSygW3ADyE+d9mrerTUfNURf8zKJ9GKYSqSIIkkykmQQxtLSqWYKouxNgBvMqALMFUXYmwA3mem2Vs0Ulu1i5Gp4D7o7IU2Xs0UxmNi5Gp4L2CbKIgIiICTIkwEREBERAREQEiTIgIiICIiAmDtHBZxddHXceDD6TM6IHmUbWxFiDYg7weUuXm1x2AD+8DlcDRufYw4iaOrmQ5XGU/wClu0HjArd5wnrKo5dp1T9a0X80Uf8AGdveqJyHrXw1sVTqjdUoZf2kc/oywPMdGqGfGYdRxr0z4KwY/kZ35WnEugFHNtCmf7sVH8lIHqwnZhUlRfJlABYhVBLE6AbzKsPRao2VBfmdyqOZM9Ps7Zy0hp7zHex39w5CQW9l7NFMZm1cjU8FH0ibKIhSIiAiIgJMiTAREQEREBERASJMQIiTECIkxAiJMQIlupTVhlYAg8CLiXYgaXEbBRtUZkPL418jr6zxXTroHXxNEeyKPUpMWQElCwYWdddBewO/eJ0+IHHegnVziqOavXyU3cZFQtnZFuCxJW4uSBpfh2zoGF6NAa1ahfsUZF8TcmeiiBZoUFRcqKFUcBLsmIERJiBESYgREmIESYiAiIgIiICIiAiIgIiICIiAiIgIiICIiAiIgIiICIiAiIgIiICIiAiIgIiIH//Z"
?Family, friemds and colleagues - who needs them?;Anonymous;"data:image/jpeg;base64,/9j/4AAQSkZJRgABAQAAAQABAAD/2wCEAAoHCBUWEhgSEhUYFRUSEhEYGBkSGBISERESGBgaGRgVGRgcIS4lHB4rHxgYJjgmKy8xNTU1GiQ7QD0zPy42NT8BDAwMEA8QGBERGDEdGB00NDQxMTQxMTE0NDExMTQxMTQ0MTExPzQ0QDExMTQ/ND80MTQxMTE0MTExNTExNDExMf/AABEIAOEA4QMBIgACEQEDEQH/xAAcAAEAAQUBAQAAAAAAAAAAAAAAAQIDBAUHBgj/xABBEAACAQIDBAcFBQQKAwAAAAABAgADEQQSIQUxQVEGB2FxgZGhEyIyQlIUYnKxwYLR4fAVIyRTY5KissLxCDNU/8QAGQEBAQEBAQEAAAAAAAAAAAAAAAECBAMF/8QAHxEBAQEBAAMAAgMAAAAAAAAAAAERAgMEIRJREzFB/9oADAMBAAIRAxEAPwDs0REBESIExIiBMSktIzQK4lIMmBMSJbZ7cIF2JYNbs9ZHt+z1gZETGNc8vWR9q7PWBlRLKVLi8VKluF4F6JjfahyMkYle3ygZESyK685cDDhAqiRECYkSYCIiAiIgIiICRJkQKKjWHaZR3ymqfeA5D85UIE3kgymSIFxZMoWVwKXOksmXKhlomBBlBkkykmUGlBksZQxgA1pkZrrMMmXab6WgUMZF5S51ixhVYMqDcpbi8gyqWINwDqD5iZs07GbOi+ZQeY9eMC7JkSYQiIgIiICIiAkGTIMDGc++fCVAy05989/6SsQLiyrOOcwcftClRTPXqpRX6qjqik8hc6zS1OnGzVFzi0PKwc37rLr4QPUZxzjunn6PSrAPbLiUF7Wzk0/9wE2dDEI4vSqI4/w3V/yMuDKYEy00p9qRv0lzOGGuh5wLZlJk3kSChpQxlTS3a+glVSASbDUnlMtMOQLtIWoqDmTMapWd917dm6EZDMo4iWWxAmvx2KpURmxFZKQ/xHVb9wJ1nn8b0+2fTNjVdyP7pGYeco9aaoMm88NQ6y9nMbE1k7Xpkj/SSZ6fZe18PiFzYaslUDeEYZl/Ep1HiJBsSZm7Oe6kcj+c115lbMb32HNQfI/xkVs5MiTCEREBERAREQEiTIgYJPvHvM123NpPSphaCe0xFUOKakXpqwHxubiyAlb6630vM5Dv7SfzlSrx5QOdUerd8RU+0bTxNStVbXKhyU0H0qbXAHIBRNovVbgxqpqKTyc/qDPa5pUHl0c4xvVdQVb07u3Ou9dgx7cjrbynPdsdGsVhXNT7MtFUI/raeIcU/BmcMPGfQzvMPEIrAggEEWINiD2EcZdMcG2X1kY6g1vaCtTBHuYjNVsvIVPiOnEkzpPRjrGwuKIpv/Z6zbkdgabnkr7r9hse+a7pF1b4auS9D+zVDr7gzUXPany/s+U5f0h6KYrBn+vp3S+lSnd6R5a8O42kH0qtS/eJcBnEer3pzUSpTwuJY1KbsqI51qUmOiqxPxJ6junZqbyC48M+UfeMts4vOUdYPT+qlV8JhTkKWV6vz3sCVTlofi38rb5Vr2/SLpdhcFriHz1bXWklmfszDco7TOYdIOtHGYg5KRXDUvppE+0ZeTVOH7Np5fY+wsTjKh9kjPc+9UqEhAeJZzvPZqZ07o71d4ejZ8RbEVNNGFqCnsT5u9vIQjwWyNhYrGv7RKast/eq1XqFL8szMWY9gvPc7K6qaRsa9VmO8rSHsqfmSWPpOgUaYUAAAWGgAsAOQHCXQ9oHlV6ucAosaObtZ6pP+6a3F9XNJWFXA1amGrJqjBi6Ajde/vAdx8DPdl5BaUa3YuNqvTK4lAlekQr5P/XU0utRD9LDhwII5Tc4BrVF7bj0/hMNzLmGazofvL+dpkejkyBJgIiICIiAiIgJSxlUtVzZWP3T+UDXUTpLwMx6Hwy4HlVWWlJeW3qCYz1/XgBcnuEhjKZ5Zd4TCVG+XKPvm3oJV/Rj818z+6TV+MeprMdgGBRwGVgQQwBUg8CDvEy6mCqL8tx90gzEb1B1G4iEeN2h1b0vtVLE4WyKtVXqUjfLYHNdOWtvd3crToCJYSvCrdZkPSmisKoNJzodXyPjauKxLZ0eoXSmtwDffnPEX4D+E6TXTSYLrJUYtCkiKKdNQiKLBUAVVHIAbpkoLTGDa/zrNhQ2bUbU2Ufe3+QkFvPIJmeNjc38l/jKX2OflYeII/KUYN4vFegyH3xYHcRqD4y2HgVOZTntryIPlrKGeUOdIHsRJlnDtdFPNFPmBL0BERAREQEREBPNdPNqvhdn1cRSALU/Z6NuKtUVXHYcpNjwnpZ47rWW+x8T+GmfKokDZbKctQps29qaMe8qCZkOoO/0mHsVs1CjyNGkfDIJtLgS1vlgPTH1W75m4Cmqi+hY/Nv05A8IKA8L+F5bbBDeAV/DcSY3fxsy/GzBHCJqPs7cHPiBJ+zsd7+kPO8z9to1RRvIHeRMDFItQjJYsDv4W7Txln7LzJMzL6Cwt3QiilTyiwmQw93xlCys8u2UrFxQtcc7TXuk2eOE17QQ2fkRyX5DKbXA59xm5Suh+FlPcRNGd8pTDA8SO6MR6O8gmeeOHI3MfSQaLfXGDbY3EIEIYg3Frb/+p5r9qZpww43PeZUEA3ARjUYIt/2Jj41j7N7HXI9iOBymxmzciazHrYMOat+UqVqupPalSvh8R7ao9RlrobuxbKGQaDkLruE6fOP/APj+p9niz8pfDgfiCvf0InYJlCIiAiIgIiICazpBsxMThauHqXyVEIOU2YW1BB53AmzlLcucDzmyKeSmlMEkU6aICd5CqFBPbpKsVjMplKGx9PKa7aqnfM2u30+Oe+srd4TaAtM5MWDPGYJ2m5w7mJ09/P6vPNtbdnB3ReYiPKw83HzuucrJpC5Al+vvEw6VT3hMgtc3hlUsrMoWVnhBVjFaia9pssSthNc8C0d8vVUyEDmLyw0irWJOp4DwlSrueSji+u7smLnlJeEbFsSg3LfvmHjsUmW40MxKtWaPaWKPCY6rv9TwTydNkMYCbSMS2YCaDAOzNN424Sc3W/e8PPisk/t6Pops6nQwqU6aKgsWORQoZid5tvO6buYmzky0kHKmn5TLmnziIiAiIgIiICQZMgwPPYpLOw5MfI6/rMeumYTP2qlnv9SjzGn7phvzks16ePu8XYw0oWMyqYlDOOPDnwgVBwN+7WSTHR3571PrKVpV7SYYq8BMilh2b4jlHrNOa3VynWuQBvmzXQTGXDqgFhx8TLrVBKlXlldRrAeMsK8orVpGVdWpcWmA0qetLLPCxVMCu9mtMrPLToG3yiyGkEyh6RG7US2X4GETUM1OMo5ps3YS0cu+48NZizXZ6/n/AI/rEweGy6zMUXIA+YgeZtKFYE2G4bzM3ZdPNWQfev4Lr+ksmPPz+TrvrensUWwA5ADylciTK5yIiAiIgIiICRJkQNftandA30t6H+Npqk4jxm/xSZkZeanz4TzynW8LLjHxmDWtTehU+GrTdDzGYWv4b/Ccx6A7YbD4p9n4s2/rCis5NkrKcuQk/K3A93OdYYcZzPrX6O6rtCkNDlWuBwI0Srp4KT2LEW3/AF1OlTA4TKQTm3V/07Sqq4XFuFrr7qOxCpXHAE7g/wDu79J0kGVfy+fFx9RNTjHca2PhNkWmNjMUlNGqVWVURSzM9sqgcTGMNZidupQph8Q6oGYKpcquZrXtrxtIpbYpOLo6kHjcWnIOle2zj6+ZwwpIctCknxZWOjWt8b2AA4C54a6ejspvcTDu5r1Gsqo2VdCfaNcbkW2XNfUqx3AXmDutbaKKLs627xMTD7eoVGZKVRHdRcqrAsF52nDtrYCvScUsSWJKhlOYutReJUniOW/S3GWdm41sNVWtSNnptff7jrxXtVhGD6Ao1yd4My0Oms1PR/bFLFUVrUjpudTbPTfirD+bibYtLiBlmogMuXnlemHS9MIhRCr4hgQqbxT++9twH07z3axiyvP9ZW2QijB0zd6lmfLvRPlX8TcuXfN/0d2WcPhKdE/FlzP+N/eYeF7eE8R0F2Q2KxbYzEEutJ87M+pq4jeq9w0Y9yjjOqBbm8jXPWXVCJYd82/Ruleoz/QtvFj+4Gapz6T0nR2lakW4uxPgNB+sJbbdrbyZEmEIiICIiAiIgJEmRATzmJp5XZeTG3cdR+c9HNVtejucfhP6H9PKBgLylFSkrq1OoodHVlZWF1dCLFSOUkSpoVxLpp0LqYV2qUlaphmuQwuzUh9DjfYcG89Zrtk9M8dhwFpYhyi7lqWqoByGbUeBE+gA00uN6H4GsxZ8PTDNvKqEJPM5bS6jmq9aWPta9IHn7PXyzWvNJtrpPi8ZYVnzqpuEUBKKn63A0J751St1X4M6pTv2LUqoR3AtaazFdW+HAyhKq9ntGy+VtY1HLaOIyghSzM1w7i+Zy2hp0+IvoC28jkND1Pob0fNJPa1QPb1FXNbdSQfDRTkALX7e6WNn9CVoVVqqmc075RUclA31WCjWelXEYkaCin+ZpNVrulWwVxNAofdYHMj8UcfN3HcezXhOJ4qk6O1NxlZWKsOR4kdh9Z31sTif7lPFmnmNtdERiXFSomR7WJpuwzDhcFTu3Rpjl+y9rVsM+fD1GRiLErazD6WU6MO+ehXrFx4Fs6Hvppeelw/VvRvdzVP4XX19yZ9Lq3woGqOfxVG/42lRz3HdNMfVBV8SyqRqKYWl4XUA+sq6OdFsRi3BClKRN2q1Acp55b/E3pzM6rgeh+DpEMtBLjcXBqEHn799Zt2IAsu79IGLs/AJQppQorlSmNObE72J4knW8ynNpKDiZbY3gUz2uEo5Kap9KgePH1nmdjYbPVGnupZj4bh5/lPWyKSZEmAiIgIiICIiAkSZEBKXUEEEXB3jnKogaDGYco1vlPwn9JZUzf16IZSrbj5g8xNFXolWyt4HgRzEKpjXhAMQiRXYb/SXBjja1/OWzLLpAvvil7JQcUvMTXY/B56b07lS6OoZSQyFgQGBG4gmcFq7XxSsVbEVQyMyn320ZTY+olR9FjGAcvSUNjAeU+dP6dxP/wBFT/O07L0YoOmEoiozO7IGcuSzZn961+wMB4RR6NsVymO9cmWwsqyyCGYyALybQxtAh24SlVLMFUXZjYDmZCqSQqgknQAakz0+ydmCmMzWLsNeIUfSP3wL+zcEKSZd7HVjzb9wmbEQpJkSYCIiAiIgIiICRJkQEREBMfFYYOtjvG48QZkRA81UQo2VtCPI9olQN5ucbhA623Ebjy7D2TREFWKsLEaEQLoEZZCSsGUWHpz546WUsmPxKgWtiapt3nN+s+jXM+eunYttPEj/ABr+ag/rA0NMFiBzI/n1n0fRSygW3ADyE+d9mrerTUfNURf8zKJ9GKYSqSIIkkykmQQxtLSqWYKouxNgBvMqALMFUXYmwA3mem2Vs0Ulu1i5Gp4D7o7IU2Xs0UxmNi5Gp4L2CbKIgIiICTIkwEREBERAREQEiTIgIiICIiAmDtHBZxddHXceDD6TM6IHmUbWxFiDYg7weUuXm1x2AD+8DlcDRufYw4iaOrmQ5XGU/wClu0HjArd5wnrKo5dp1T9a0X80Uf8AGdveqJyHrXw1sVTqjdUoZf2kc/oywPMdGqGfGYdRxr0z4KwY/kZ35WnEugFHNtCmf7sVH8lIHqwnZhUlRfJlABYhVBLE6AbzKsPRao2VBfmdyqOZM9Ps7Zy0hp7zHex39w5CQW9l7NFMZm1cjU8FH0ibKIhSIiAiIgJMiTAREQEREBERASJMQIiTECIkxAiJMQIlupTVhlYAg8CLiXYgaXEbBRtUZkPL418jr6zxXTroHXxNEeyKPUpMWQElCwYWdddBewO/eJ0+IHHegnVziqOavXyU3cZFQtnZFuCxJW4uSBpfh2zoGF6NAa1ahfsUZF8TcmeiiBZoUFRcqKFUcBLsmIERJiBESYgREmIESYiAiIgIiICIiAiIgIiICIiAiIgIiICIiAiIgIiICIiAiIgIiICIiAiIgIiIH//Z"
?We?ve been making our own opportunities, and as you prove your worth and value to people, they can?t put you in a box. You hustle it into happening, right??;Jennifer Lopez;https://images8.alphacoders.com/459/thumbbig-459797.webp
?When you?ve seen beyond yourself, then you may find, peace of mind is waiting there.?;George Harrison;https://images5.alphacoders.com/385/thumbbig-385820.webp
?Out of the mountain of despair, a stone of hope.?;Martin Luther King, Jr.;https://i.pinimg.com/originals/f7/5f/49/f75f4952f4a61e286e41e570b5869361.png
?What you get by achieving your goals is not as important as what you become by achieving your goals.?;Zig Ziglar;"data:image/jpeg;base64,/9j/4AAQSkZJRgABAQAAAQABAAD/2wCEAAoHCBUWEhgSEhUYFRUSEhEYGBkSGBISERESGBgaGRgVGRgcIS4lHB4rHxgYJjgmKy8xNTU1GiQ7QD0zPy42NT8BDAwMEA8QGBERGDEdGB00NDQxMTQxMTE0NDExMTQxMTQ0MTExPzQ0QDExMTQ/ND80MTQxMTE0MTExNTExNDExMf/AABEIAOEA4QMBIgACEQEDEQH/xAAcAAEAAQUBAQAAAAAAAAAAAAAAAQIDBAUHBgj/xABBEAACAQIDBAcFBQQKAwAAAAABAgADEQQSIQUxQVEGB2FxgZGhEyIyQlIUYnKxwYLR4fAVIyRTY5KissLxCDNU/8QAGQEBAQEBAQEAAAAAAAAAAAAAAAECBAMF/8QAHxEBAQEBAAMAAgMAAAAAAAAAAAERAgMEIRJREzFB/9oADAMBAAIRAxEAPwDs0REBESIExIiBMSktIzQK4lIMmBMSJbZ7cIF2JYNbs9ZHt+z1gZETGNc8vWR9q7PWBlRLKVLi8VKluF4F6JjfahyMkYle3ygZESyK685cDDhAqiRECYkSYCIiAiIgIiICRJkQKKjWHaZR3ymqfeA5D85UIE3kgymSIFxZMoWVwKXOksmXKhlomBBlBkkykmUGlBksZQxgA1pkZrrMMmXab6WgUMZF5S51ixhVYMqDcpbi8gyqWINwDqD5iZs07GbOi+ZQeY9eMC7JkSYQiIgIiICIiAkGTIMDGc++fCVAy05989/6SsQLiyrOOcwcftClRTPXqpRX6qjqik8hc6zS1OnGzVFzi0PKwc37rLr4QPUZxzjunn6PSrAPbLiUF7Wzk0/9wE2dDEI4vSqI4/w3V/yMuDKYEy00p9qRv0lzOGGuh5wLZlJk3kSChpQxlTS3a+glVSASbDUnlMtMOQLtIWoqDmTMapWd917dm6EZDMo4iWWxAmvx2KpURmxFZKQ/xHVb9wJ1nn8b0+2fTNjVdyP7pGYeco9aaoMm88NQ6y9nMbE1k7Xpkj/SSZ6fZe18PiFzYaslUDeEYZl/Ep1HiJBsSZm7Oe6kcj+c115lbMb32HNQfI/xkVs5MiTCEREBERAREQEiTIgYJPvHvM123NpPSphaCe0xFUOKakXpqwHxubiyAlb6630vM5Dv7SfzlSrx5QOdUerd8RU+0bTxNStVbXKhyU0H0qbXAHIBRNovVbgxqpqKTyc/qDPa5pUHl0c4xvVdQVb07u3Ou9dgx7cjrbynPdsdGsVhXNT7MtFUI/raeIcU/BmcMPGfQzvMPEIrAggEEWINiD2EcZdMcG2X1kY6g1vaCtTBHuYjNVsvIVPiOnEkzpPRjrGwuKIpv/Z6zbkdgabnkr7r9hse+a7pF1b4auS9D+zVDr7gzUXPany/s+U5f0h6KYrBn+vp3S+lSnd6R5a8O42kH0qtS/eJcBnEer3pzUSpTwuJY1KbsqI51qUmOiqxPxJ6junZqbyC48M+UfeMts4vOUdYPT+qlV8JhTkKWV6vz3sCVTlofi38rb5Vr2/SLpdhcFriHz1bXWklmfszDco7TOYdIOtHGYg5KRXDUvppE+0ZeTVOH7Np5fY+wsTjKh9kjPc+9UqEhAeJZzvPZqZ07o71d4ejZ8RbEVNNGFqCnsT5u9vIQjwWyNhYrGv7RKast/eq1XqFL8szMWY9gvPc7K6qaRsa9VmO8rSHsqfmSWPpOgUaYUAAAWGgAsAOQHCXQ9oHlV6ucAosaObtZ6pP+6a3F9XNJWFXA1amGrJqjBi6Ajde/vAdx8DPdl5BaUa3YuNqvTK4lAlekQr5P/XU0utRD9LDhwII5Tc4BrVF7bj0/hMNzLmGazofvL+dpkejkyBJgIiICIiAiIgJSxlUtVzZWP3T+UDXUTpLwMx6Hwy4HlVWWlJeW3qCYz1/XgBcnuEhjKZ5Zd4TCVG+XKPvm3oJV/Rj818z+6TV+MeprMdgGBRwGVgQQwBUg8CDvEy6mCqL8tx90gzEb1B1G4iEeN2h1b0vtVLE4WyKtVXqUjfLYHNdOWtvd3crToCJYSvCrdZkPSmisKoNJzodXyPjauKxLZ0eoXSmtwDffnPEX4D+E6TXTSYLrJUYtCkiKKdNQiKLBUAVVHIAbpkoLTGDa/zrNhQ2bUbU2Ufe3+QkFvPIJmeNjc38l/jKX2OflYeII/KUYN4vFegyH3xYHcRqD4y2HgVOZTntryIPlrKGeUOdIHsRJlnDtdFPNFPmBL0BERAREQEREBPNdPNqvhdn1cRSALU/Z6NuKtUVXHYcpNjwnpZ47rWW+x8T+GmfKokDZbKctQps29qaMe8qCZkOoO/0mHsVs1CjyNGkfDIJtLgS1vlgPTH1W75m4Cmqi+hY/Nv05A8IKA8L+F5bbBDeAV/DcSY3fxsy/GzBHCJqPs7cHPiBJ+zsd7+kPO8z9to1RRvIHeRMDFItQjJYsDv4W7Txln7LzJMzL6Cwt3QiilTyiwmQw93xlCys8u2UrFxQtcc7TXuk2eOE17QQ2fkRyX5DKbXA59xm5Suh+FlPcRNGd8pTDA8SO6MR6O8gmeeOHI3MfSQaLfXGDbY3EIEIYg3Frb/+p5r9qZpww43PeZUEA3ARjUYIt/2Jj41j7N7HXI9iOBymxmzciazHrYMOat+UqVqupPalSvh8R7ao9RlrobuxbKGQaDkLruE6fOP/APj+p9niz8pfDgfiCvf0InYJlCIiAiIgIiICazpBsxMThauHqXyVEIOU2YW1BB53AmzlLcucDzmyKeSmlMEkU6aICd5CqFBPbpKsVjMplKGx9PKa7aqnfM2u30+Oe+srd4TaAtM5MWDPGYJ2m5w7mJ09/P6vPNtbdnB3ReYiPKw83HzuucrJpC5Al+vvEw6VT3hMgtc3hlUsrMoWVnhBVjFaia9pssSthNc8C0d8vVUyEDmLyw0irWJOp4DwlSrueSji+u7smLnlJeEbFsSg3LfvmHjsUmW40MxKtWaPaWKPCY6rv9TwTydNkMYCbSMS2YCaDAOzNN424Sc3W/e8PPisk/t6Pops6nQwqU6aKgsWORQoZid5tvO6buYmzky0kHKmn5TLmnziIiAiIgIiICQZMgwPPYpLOw5MfI6/rMeumYTP2qlnv9SjzGn7phvzks16ePu8XYw0oWMyqYlDOOPDnwgVBwN+7WSTHR3571PrKVpV7SYYq8BMilh2b4jlHrNOa3VynWuQBvmzXQTGXDqgFhx8TLrVBKlXlldRrAeMsK8orVpGVdWpcWmA0qetLLPCxVMCu9mtMrPLToG3yiyGkEyh6RG7US2X4GETUM1OMo5ps3YS0cu+48NZizXZ6/n/AI/rEweGy6zMUXIA+YgeZtKFYE2G4bzM3ZdPNWQfev4Lr+ksmPPz+TrvrensUWwA5ADylciTK5yIiAiIgIiICRJkQNftandA30t6H+Npqk4jxm/xSZkZeanz4TzynW8LLjHxmDWtTehU+GrTdDzGYWv4b/Ccx6A7YbD4p9n4s2/rCis5NkrKcuQk/K3A93OdYYcZzPrX6O6rtCkNDlWuBwI0Srp4KT2LEW3/AF1OlTA4TKQTm3V/07Sqq4XFuFrr7qOxCpXHAE7g/wDu79J0kGVfy+fFx9RNTjHca2PhNkWmNjMUlNGqVWVURSzM9sqgcTGMNZidupQph8Q6oGYKpcquZrXtrxtIpbYpOLo6kHjcWnIOle2zj6+ZwwpIctCknxZWOjWt8b2AA4C54a6ejspvcTDu5r1Gsqo2VdCfaNcbkW2XNfUqx3AXmDutbaKKLs627xMTD7eoVGZKVRHdRcqrAsF52nDtrYCvScUsSWJKhlOYutReJUniOW/S3GWdm41sNVWtSNnptff7jrxXtVhGD6Ao1yd4My0Oms1PR/bFLFUVrUjpudTbPTfirD+bibYtLiBlmogMuXnlemHS9MIhRCr4hgQqbxT++9twH07z3axiyvP9ZW2QijB0zd6lmfLvRPlX8TcuXfN/0d2WcPhKdE/FlzP+N/eYeF7eE8R0F2Q2KxbYzEEutJ87M+pq4jeq9w0Y9yjjOqBbm8jXPWXVCJYd82/Ruleoz/QtvFj+4Gapz6T0nR2lakW4uxPgNB+sJbbdrbyZEmEIiICIiAiIgJEmRATzmJp5XZeTG3cdR+c9HNVtejucfhP6H9PKBgLylFSkrq1OoodHVlZWF1dCLFSOUkSpoVxLpp0LqYV2qUlaphmuQwuzUh9DjfYcG89Zrtk9M8dhwFpYhyi7lqWqoByGbUeBE+gA00uN6H4GsxZ8PTDNvKqEJPM5bS6jmq9aWPta9IHn7PXyzWvNJtrpPi8ZYVnzqpuEUBKKn63A0J751St1X4M6pTv2LUqoR3AtaazFdW+HAyhKq9ntGy+VtY1HLaOIyghSzM1w7i+Zy2hp0+IvoC28jkND1Pob0fNJPa1QPb1FXNbdSQfDRTkALX7e6WNn9CVoVVqqmc075RUclA31WCjWelXEYkaCin+ZpNVrulWwVxNAofdYHMj8UcfN3HcezXhOJ4qk6O1NxlZWKsOR4kdh9Z31sTif7lPFmnmNtdERiXFSomR7WJpuwzDhcFTu3Rpjl+y9rVsM+fD1GRiLErazD6WU6MO+ehXrFx4Fs6Hvppeelw/VvRvdzVP4XX19yZ9Lq3woGqOfxVG/42lRz3HdNMfVBV8SyqRqKYWl4XUA+sq6OdFsRi3BClKRN2q1Acp55b/E3pzM6rgeh+DpEMtBLjcXBqEHn799Zt2IAsu79IGLs/AJQppQorlSmNObE72J4knW8ynNpKDiZbY3gUz2uEo5Kap9KgePH1nmdjYbPVGnupZj4bh5/lPWyKSZEmAiIgIiICIiAkSZEBKXUEEEXB3jnKogaDGYco1vlPwn9JZUzf16IZSrbj5g8xNFXolWyt4HgRzEKpjXhAMQiRXYb/SXBjja1/OWzLLpAvvil7JQcUvMTXY/B56b07lS6OoZSQyFgQGBG4gmcFq7XxSsVbEVQyMyn320ZTY+olR9FjGAcvSUNjAeU+dP6dxP/wBFT/O07L0YoOmEoiozO7IGcuSzZn961+wMB4RR6NsVymO9cmWwsqyyCGYyALybQxtAh24SlVLMFUXZjYDmZCqSQqgknQAakz0+ydmCmMzWLsNeIUfSP3wL+zcEKSZd7HVjzb9wmbEQpJkSYCIiAiIgIiICRJkQEREBMfFYYOtjvG48QZkRA81UQo2VtCPI9olQN5ucbhA623Ebjy7D2TREFWKsLEaEQLoEZZCSsGUWHpz546WUsmPxKgWtiapt3nN+s+jXM+eunYttPEj/ABr+ag/rA0NMFiBzI/n1n0fRSygW3ADyE+d9mrerTUfNURf8zKJ9GKYSqSIIkkykmQQxtLSqWYKouxNgBvMqALMFUXYmwA3mem2Vs0Ulu1i5Gp4D7o7IU2Xs0UxmNi5Gp4L2CbKIgIiICTIkwEREBERAREQEiTIgIiICIiAmDtHBZxddHXceDD6TM6IHmUbWxFiDYg7weUuXm1x2AD+8DlcDRufYw4iaOrmQ5XGU/wClu0HjArd5wnrKo5dp1T9a0X80Uf8AGdveqJyHrXw1sVTqjdUoZf2kc/oywPMdGqGfGYdRxr0z4KwY/kZ35WnEugFHNtCmf7sVH8lIHqwnZhUlRfJlABYhVBLE6AbzKsPRao2VBfmdyqOZM9Ps7Zy0hp7zHex39w5CQW9l7NFMZm1cjU8FH0ibKIhSIiAiIgJMiTAREQEREBERASJMQIiTECIkxAiJMQIlupTVhlYAg8CLiXYgaXEbBRtUZkPL418jr6zxXTroHXxNEeyKPUpMWQElCwYWdddBewO/eJ0+IHHegnVziqOavXyU3cZFQtnZFuCxJW4uSBpfh2zoGF6NAa1ahfsUZF8TcmeiiBZoUFRcqKFUcBLsmIERJiBESYgREmIESYiAiIgIiICIiAiIgIiICIiAiIgIiICIiAiIgIiICIiAiIgIiICIiAiIgIiIH//Z"
?I?m realizing how much I?ve diminished my own power. I?m not doing that no more.?;Alicia Keys;https://i.pinimg.com/originals/f7/5f/49/f75f4952f4a61e286e41e570b5869361.png
?You are never too old to set another goal or to dream a new dream.?;C.S. Lewis;https://c.wallhere.com/photos/e8/40/lego_legography_starwars_snowtrooper_snow_stormtrooper-928555.jpg!d
?I believe that if you?ll just stand up and go, life will open up for you. Something just motivates you to keep moving.?;Tina Turner;https://c4.wallpaperflare.com/wallpaper/915/468/47/watching-the-sunset-wallpaper-preview.jpg
?How wild it was, to let it be.?;Cheryl Strayed;http://static.demilked.com/wp-content/uploads/2020/08/5f461629ca07a-With-cardboard-cutouts-Im-trying-to-take-sunset-silhouettes-to-the-next-level-5f3ead5765501__880.jpg
?The simple act of listening to someone and making them feel as if they have truly been heard is a most treasured gift.?;L. A. Villafane;https://images8.alphacoders.com/459/thumbbig-459797.webp
?You have to be where you are to get where you need to go.?;Amy Poehler;https://images5.alphacoders.com/385/thumbbig-385820.webp
?Don?t be afraid. Because you?re going to be afraid. But remember when you become afraid, just don?t be afraid.?;Joan Jett;https://i.pinimg.com/originals/f7/5f/49/f75f4952f4a61e286e41e570b5869361.png
?We need to take risks. We need to go broke. We need to prove them wrong, simply by not giving up.?;Awkwafina;"data:image/jpeg;base64,/9j/4AAQSkZJRgABAQAAAQABAAD/2wCEAAoHCBUWEhgSEhUYFRUSEhEYGBkSGBISERESGBgaGRgVGRgcIS4lHB4rHxgYJjgmKy8xNTU1GiQ7QD0zPy42NT8BDAwMEA8QGBERGDEdGB00NDQxMTQxMTE0NDExMTQxMTQ0MTExPzQ0QDExMTQ/ND80MTQxMTE0MTExNTExNDExMf/AABEIAOEA4QMBIgACEQEDEQH/xAAcAAEAAQUBAQAAAAAAAAAAAAAAAQIDBAUHBgj/xABBEAACAQIDBAcFBQQKAwAAAAABAgADEQQSIQUxQVEGB2FxgZGhEyIyQlIUYnKxwYLR4fAVIyRTY5KissLxCDNU/8QAGQEBAQEBAQEAAAAAAAAAAAAAAAECBAMF/8QAHxEBAQEBAAMAAgMAAAAAAAAAAAERAgMEIRJREzFB/9oADAMBAAIRAxEAPwDs0REBESIExIiBMSktIzQK4lIMmBMSJbZ7cIF2JYNbs9ZHt+z1gZETGNc8vWR9q7PWBlRLKVLi8VKluF4F6JjfahyMkYle3ygZESyK685cDDhAqiRECYkSYCIiAiIgIiICRJkQKKjWHaZR3ymqfeA5D85UIE3kgymSIFxZMoWVwKXOksmXKhlomBBlBkkykmUGlBksZQxgA1pkZrrMMmXab6WgUMZF5S51ixhVYMqDcpbi8gyqWINwDqD5iZs07GbOi+ZQeY9eMC7JkSYQiIgIiICIiAkGTIMDGc++fCVAy05989/6SsQLiyrOOcwcftClRTPXqpRX6qjqik8hc6zS1OnGzVFzi0PKwc37rLr4QPUZxzjunn6PSrAPbLiUF7Wzk0/9wE2dDEI4vSqI4/w3V/yMuDKYEy00p9qRv0lzOGGuh5wLZlJk3kSChpQxlTS3a+glVSASbDUnlMtMOQLtIWoqDmTMapWd917dm6EZDMo4iWWxAmvx2KpURmxFZKQ/xHVb9wJ1nn8b0+2fTNjVdyP7pGYeco9aaoMm88NQ6y9nMbE1k7Xpkj/SSZ6fZe18PiFzYaslUDeEYZl/Ep1HiJBsSZm7Oe6kcj+c115lbMb32HNQfI/xkVs5MiTCEREBERAREQEiTIgYJPvHvM123NpPSphaCe0xFUOKakXpqwHxubiyAlb6630vM5Dv7SfzlSrx5QOdUerd8RU+0bTxNStVbXKhyU0H0qbXAHIBRNovVbgxqpqKTyc/qDPa5pUHl0c4xvVdQVb07u3Ou9dgx7cjrbynPdsdGsVhXNT7MtFUI/raeIcU/BmcMPGfQzvMPEIrAggEEWINiD2EcZdMcG2X1kY6g1vaCtTBHuYjNVsvIVPiOnEkzpPRjrGwuKIpv/Z6zbkdgabnkr7r9hse+a7pF1b4auS9D+zVDr7gzUXPany/s+U5f0h6KYrBn+vp3S+lSnd6R5a8O42kH0qtS/eJcBnEer3pzUSpTwuJY1KbsqI51qUmOiqxPxJ6junZqbyC48M+UfeMts4vOUdYPT+qlV8JhTkKWV6vz3sCVTlofi38rb5Vr2/SLpdhcFriHz1bXWklmfszDco7TOYdIOtHGYg5KRXDUvppE+0ZeTVOH7Np5fY+wsTjKh9kjPc+9UqEhAeJZzvPZqZ07o71d4ejZ8RbEVNNGFqCnsT5u9vIQjwWyNhYrGv7RKast/eq1XqFL8szMWY9gvPc7K6qaRsa9VmO8rSHsqfmSWPpOgUaYUAAAWGgAsAOQHCXQ9oHlV6ucAosaObtZ6pP+6a3F9XNJWFXA1amGrJqjBi6Ajde/vAdx8DPdl5BaUa3YuNqvTK4lAlekQr5P/XU0utRD9LDhwII5Tc4BrVF7bj0/hMNzLmGazofvL+dpkejkyBJgIiICIiAiIgJSxlUtVzZWP3T+UDXUTpLwMx6Hwy4HlVWWlJeW3qCYz1/XgBcnuEhjKZ5Zd4TCVG+XKPvm3oJV/Rj818z+6TV+MeprMdgGBRwGVgQQwBUg8CDvEy6mCqL8tx90gzEb1B1G4iEeN2h1b0vtVLE4WyKtVXqUjfLYHNdOWtvd3crToCJYSvCrdZkPSmisKoNJzodXyPjauKxLZ0eoXSmtwDffnPEX4D+E6TXTSYLrJUYtCkiKKdNQiKLBUAVVHIAbpkoLTGDa/zrNhQ2bUbU2Ufe3+QkFvPIJmeNjc38l/jKX2OflYeII/KUYN4vFegyH3xYHcRqD4y2HgVOZTntryIPlrKGeUOdIHsRJlnDtdFPNFPmBL0BERAREQEREBPNdPNqvhdn1cRSALU/Z6NuKtUVXHYcpNjwnpZ47rWW+x8T+GmfKokDZbKctQps29qaMe8qCZkOoO/0mHsVs1CjyNGkfDIJtLgS1vlgPTH1W75m4Cmqi+hY/Nv05A8IKA8L+F5bbBDeAV/DcSY3fxsy/GzBHCJqPs7cHPiBJ+zsd7+kPO8z9to1RRvIHeRMDFItQjJYsDv4W7Txln7LzJMzL6Cwt3QiilTyiwmQw93xlCys8u2UrFxQtcc7TXuk2eOE17QQ2fkRyX5DKbXA59xm5Suh+FlPcRNGd8pTDA8SO6MR6O8gmeeOHI3MfSQaLfXGDbY3EIEIYg3Frb/+p5r9qZpww43PeZUEA3ARjUYIt/2Jj41j7N7HXI9iOBymxmzciazHrYMOat+UqVqupPalSvh8R7ao9RlrobuxbKGQaDkLruE6fOP/APj+p9niz8pfDgfiCvf0InYJlCIiAiIgIiICazpBsxMThauHqXyVEIOU2YW1BB53AmzlLcucDzmyKeSmlMEkU6aICd5CqFBPbpKsVjMplKGx9PKa7aqnfM2u30+Oe+srd4TaAtM5MWDPGYJ2m5w7mJ09/P6vPNtbdnB3ReYiPKw83HzuucrJpC5Al+vvEw6VT3hMgtc3hlUsrMoWVnhBVjFaia9pssSthNc8C0d8vVUyEDmLyw0irWJOp4DwlSrueSji+u7smLnlJeEbFsSg3LfvmHjsUmW40MxKtWaPaWKPCY6rv9TwTydNkMYCbSMS2YCaDAOzNN424Sc3W/e8PPisk/t6Pops6nQwqU6aKgsWORQoZid5tvO6buYmzky0kHKmn5TLmnziIiAiIgIiICQZMgwPPYpLOw5MfI6/rMeumYTP2qlnv9SjzGn7phvzks16ePu8XYw0oWMyqYlDOOPDnwgVBwN+7WSTHR3571PrKVpV7SYYq8BMilh2b4jlHrNOa3VynWuQBvmzXQTGXDqgFhx8TLrVBKlXlldRrAeMsK8orVpGVdWpcWmA0qetLLPCxVMCu9mtMrPLToG3yiyGkEyh6RG7US2X4GETUM1OMo5ps3YS0cu+48NZizXZ6/n/AI/rEweGy6zMUXIA+YgeZtKFYE2G4bzM3ZdPNWQfev4Lr+ksmPPz+TrvrensUWwA5ADylciTK5yIiAiIgIiICRJkQNftandA30t6H+Npqk4jxm/xSZkZeanz4TzynW8LLjHxmDWtTehU+GrTdDzGYWv4b/Ccx6A7YbD4p9n4s2/rCis5NkrKcuQk/K3A93OdYYcZzPrX6O6rtCkNDlWuBwI0Srp4KT2LEW3/AF1OlTA4TKQTm3V/07Sqq4XFuFrr7qOxCpXHAE7g/wDu79J0kGVfy+fFx9RNTjHca2PhNkWmNjMUlNGqVWVURSzM9sqgcTGMNZidupQph8Q6oGYKpcquZrXtrxtIpbYpOLo6kHjcWnIOle2zj6+ZwwpIctCknxZWOjWt8b2AA4C54a6ejspvcTDu5r1Gsqo2VdCfaNcbkW2XNfUqx3AXmDutbaKKLs627xMTD7eoVGZKVRHdRcqrAsF52nDtrYCvScUsSWJKhlOYutReJUniOW/S3GWdm41sNVWtSNnptff7jrxXtVhGD6Ao1yd4My0Oms1PR/bFLFUVrUjpudTbPTfirD+bibYtLiBlmogMuXnlemHS9MIhRCr4hgQqbxT++9twH07z3axiyvP9ZW2QijB0zd6lmfLvRPlX8TcuXfN/0d2WcPhKdE/FlzP+N/eYeF7eE8R0F2Q2KxbYzEEutJ87M+pq4jeq9w0Y9yjjOqBbm8jXPWXVCJYd82/Ruleoz/QtvFj+4Gapz6T0nR2lakW4uxPgNB+sJbbdrbyZEmEIiICIiAiIgJEmRATzmJp5XZeTG3cdR+c9HNVtejucfhP6H9PKBgLylFSkrq1OoodHVlZWF1dCLFSOUkSpoVxLpp0LqYV2qUlaphmuQwuzUh9DjfYcG89Zrtk9M8dhwFpYhyi7lqWqoByGbUeBE+gA00uN6H4GsxZ8PTDNvKqEJPM5bS6jmq9aWPta9IHn7PXyzWvNJtrpPi8ZYVnzqpuEUBKKn63A0J751St1X4M6pTv2LUqoR3AtaazFdW+HAyhKq9ntGy+VtY1HLaOIyghSzM1w7i+Zy2hp0+IvoC28jkND1Pob0fNJPa1QPb1FXNbdSQfDRTkALX7e6WNn9CVoVVqqmc075RUclA31WCjWelXEYkaCin+ZpNVrulWwVxNAofdYHMj8UcfN3HcezXhOJ4qk6O1NxlZWKsOR4kdh9Z31sTif7lPFmnmNtdERiXFSomR7WJpuwzDhcFTu3Rpjl+y9rVsM+fD1GRiLErazD6WU6MO+ehXrFx4Fs6Hvppeelw/VvRvdzVP4XX19yZ9Lq3woGqOfxVG/42lRz3HdNMfVBV8SyqRqKYWl4XUA+sq6OdFsRi3BClKRN2q1Acp55b/E3pzM6rgeh+DpEMtBLjcXBqEHn799Zt2IAsu79IGLs/AJQppQorlSmNObE72J4knW8ynNpKDiZbY3gUz2uEo5Kap9KgePH1nmdjYbPVGnupZj4bh5/lPWyKSZEmAiIgIiICIiAkSZEBKXUEEEXB3jnKogaDGYco1vlPwn9JZUzf16IZSrbj5g8xNFXolWyt4HgRzEKpjXhAMQiRXYb/SXBjja1/OWzLLpAvvil7JQcUvMTXY/B56b07lS6OoZSQyFgQGBG4gmcFq7XxSsVbEVQyMyn320ZTY+olR9FjGAcvSUNjAeU+dP6dxP/wBFT/O07L0YoOmEoiozO7IGcuSzZn961+wMB4RR6NsVymO9cmWwsqyyCGYyALybQxtAh24SlVLMFUXZjYDmZCqSQqgknQAakz0+ydmCmMzWLsNeIUfSP3wL+zcEKSZd7HVjzb9wmbEQpJkSYCIiAiIgIiICRJkQEREBMfFYYOtjvG48QZkRA81UQo2VtCPI9olQN5ucbhA623Ebjy7D2TREFWKsLEaEQLoEZZCSsGUWHpz546WUsmPxKgWtiapt3nN+s+jXM+eunYttPEj/ABr+ag/rA0NMFiBzI/n1n0fRSygW3ADyE+d9mrerTUfNURf8zKJ9GKYSqSIIkkykmQQxtLSqWYKouxNgBvMqALMFUXYmwA3mem2Vs0Ulu1i5Gp4D7o7IU2Xs0UxmNi5Gp4L2CbKIgIiICTIkwEREBERAREQEiTIgIiICIiAmDtHBZxddHXceDD6TM6IHmUbWxFiDYg7weUuXm1x2AD+8DlcDRufYw4iaOrmQ5XGU/wClu0HjArd5wnrKo5dp1T9a0X80Uf8AGdveqJyHrXw1sVTqjdUoZf2kc/oywPMdGqGfGYdRxr0z4KwY/kZ35WnEugFHNtCmf7sVH8lIHqwnZhUlRfJlABYhVBLE6AbzKsPRao2VBfmdyqOZM9Ps7Zy0hp7zHex39w5CQW9l7NFMZm1cjU8FH0ibKIhSIiAiIgJMiTAREQEREBERASJMQIiTECIkxAiJMQIlupTVhlYAg8CLiXYgaXEbBRtUZkPL418jr6zxXTroHXxNEeyKPUpMWQElCwYWdddBewO/eJ0+IHHegnVziqOavXyU3cZFQtnZFuCxJW4uSBpfh2zoGF6NAa1ahfsUZF8TcmeiiBZoUFRcqKFUcBLsmIERJiBESYgREmIESYiAiIgIiICIiAiIgIiICIiAiIgIiICIiAiIgIiICIiAiIgIiICIiAiIgIiIH//Z"
?The only limit to our realization of tomorrow will be our doubts today.?;Franklin Delano Roosevelt;https://i.pinimg.com/originals/f7/5f/49/f75f4952f4a61e286e41e570b5869361.png
?It is never too late to be what you might have been.?;George Eliot;https://i.pinimg.com/originals/f7/5f/49/f75f4952f4a61e286e41e570b5869361.png
?You do not find the happy life. You make it.?;Camilla Eyring Kimball;https://c4.wallpaperflare.com/wallpaper/915/468/47/watching-the-sunset-wallpaper-preview.jpg
?We all have problems. But it?s not what happens to us, [it?s] the choices we make after.?;Elizabeth Smart;https://images8.alphacoders.com/459/thumbbig-459797.webp
?You don?t have to be defined or confined by your environment, by your family circumstances, and certainly not by your race or gender.?;Mariah Carey;https://images5.alphacoders.com/385/thumbbig-385820.webp
?When we let fear be our master, we cannot be happy and free as a butterfly. But when we choose to trust the journey and embrace love and joy, we are free to fly.?;Annicken R. Day;https://i.pinimg.com/originals/f7/5f/49/f75f4952f4a61e286e41e570b5869361.png
?Definitions belong to the definers, not the defined.?;Toni Morrison;http://static.demilked.com/wp-content/uploads/2020/08/5f461629ca07a-With-cardboard-cutouts-Im-trying-to-take-sunset-silhouettes-to-the-next-level-5f3ead5765501__880.jpg
?You must find the place inside yourself where nothing is impossible.?;Deepak Chopra;https://c.wallhere.com/photos/e8/40/lego_legography_starwars_snowtrooper_snow_stormtrooper-928555.jpg!d
?Whatever you think the world is withholding from you, you are withholding from the world.?;Eckhart Tolle;https://images5.alphacoders.com/385/thumbbig-385820.webp
?Perfection is not attainable, but if we chase perfection we can catch excellence.?;Vince Lombardi;https://i.pinimg.com/originals/f7/5f/49/f75f4952f4a61e286e41e570b5869361.png
?A lot of people are afraid to say what they want. That?s why they don?t get what they want.?;Madonna;https://i.hurimg.com/i/hdn/75/0x0/6232fbde4e3fe11f983f6363.jpg
